DEP,ARR,AC,TYPE,FT,DIS,DET,ART,CAP,DEL,COST,DEM,TIC,Flight
FCO,GVA,160,32S,334,3386,365,699,150,0,23190,131,411,1
IAD,RUH,236,777,647,7971,366,1013,314,356,61407,241,451,2
AMS,VRN,200,73H,671,8174,366,1037,162,0,44499,106,489,3
EWR,YYZ,144,E75,707,8839,367,1074,80,0,36942,16,1453,4
DOH,IAD,138,777,705,8356,369,1074,314,0,63731,255,463,5
AUS,BOS,164,E90,1046,13336,369,1415,100,0,55564,39,1116,6
BEG,STR,125,319,708,8587,372,1080,123,0,41432,78,884,7
EWR,JAX,257,ERJ,1076,13701,374,1450,37,0,45349,17,1974,8
HKG,MAA,31,333,708,8323,374,1082,300,0,61838,254,489,9
FRA,IAH,219,388,838,10127,375,1213,555,0,108588,452,469,10
FCO,STR,126,319,680,8401,379,1059,123,0,40718,108,782,11
CHS,IAH,254,ERJ,858,10910,380,1238,37,0,37389,0,1327,12
IAH,SAP,268,738,727,8802,380,1107,189,0,50609,124,454,13
CHS,IAD,253,CRJ,482,5428,381,863,50,0,22895,38,901,14
IST,PEK,103,77W,1026,13209,381,1407,396,0,107562,311,557,15
EWR,STR,217,752,465,5538,384,849,200,0,36573,182,517,16
FCO,RUH,162,320,350,3546,385,735,151,0,23920,150,452,17
FRA,IAD,218,333,1045,13142,385,1430,300,0,90157,108,548,18
AMS,IST,206,737,508,5998,386,894,124,125,31582,69,368,19
BWI,PWM,38,DH3,284,2979,387,1189,50,0,15544,69,782,20
YQB,YTZ,52,DH4,974,12469,388,1362,68,0,47065,21,2436,21
ALA,AMS,203,330,288,2649,388,676,277,0,27212,219,263,22
DFW,IAH,133,M83,641,7699,388,1029,155,18,41664,130,585,23
IST,RUH,237,320,740,9178,390,1130,151,0,47366,75,1459,24
IAD,MCO,265,320,713,8534,391,1104,151,0,44685,78,1372,25
AMS,EDI,204,737,679,8061,393,1072,124,0,39530,121,780,26
EWR,SFO,90,739,640,7720,396,1036,178,0,44377,124,429,27
BOS,IAH,251,739,1017,12660,398,1415,178,0,66476,135,709,28
DOH,RUH,229,777,721,8540,399,1120,314,0,64842,276,551,29
RTB,SAP,30,SF3,741,9016,400,1141,36,0,31859,12,1388,30
DOH,MAA,112,333,341,3820,405,746,300,0,35376,253,337,31
DFW,XNA,136,M80,506,5643,406,912,150,0,32560,125,525,32
IAH,JAX,267,ERJ,716,8852,408,1124,37,0,31520,17,1358,33
CHS,DFW,129,ER4,720,8519,412,1132,50,0,32173,66,1536,34
IST,PEK,181,77W,1037,13209,414,1451,396,0,107562,293,488,35
IAD,IST,244,330,662,8011,419,1081,277,0,57304,106,884,36
JAX,LGA,34,73W,769,9310,422,1193,149,0,47651,90,519,37
BVA,RZE,48,DH4,1037,12889,422,1459,68,1,48413,38,1473,38
FRA,MAA,154,343,588,6941,426,1014,295,0,53191,253,510,39
GVA,PEK,178,330,545,6481,428,973,277,0,48717,205,354,40
EWR,GVA,227,763,693,8506,432,1125,218,0,52818,200,678,41
YQB,YYZ,151,DH4,670,7972,437,1107,68,0,32636,18,1666,42
EWR,XNA,260,ERJ,1077,13393,438,1515,37,0,44471,52,2757,43
BEG,MXP,21,E95,217,2336,440,1085,106,0,16535,57,306,44
EWR,IAD,255,DH4,913,11274,443,1356,68,251,43231,70,1399,45
DFW,HOU,5,M83,499,5871,447,946,155,0,33970,96,410,46
IAH,PEK,180,773,670,8216,451,1121,368,9,69354,287,408,47
GVA,HEL,19,E90,667,8121,451,1118,100,0,36913,80,711,48
BZE,EWR,86,738,953,11870,458,1411,189,15,64722,131,614,49
BEG,IST,115,738,986,12561,458,1444,189,0,67900,130,593,50
EWR,SJO,91,738,752,9153,458,1210,189,0,52223,136,520,51
IAH,XNA,269,CRJ,456,5349,461,917,50,0,22658,34,841,52
FRA,RZE,224,CR7,642,7782,462,1104,70,0,32256,75,1070,53
CGN,VRN,1,319,710,8376,462,1172,123,0,40622,125,860,54
IAD,YYZ,96,320,475,5475,463,1217,151,0,31951,149,599,55
EDI,EWR,213,752,683,8452,463,1146,200,0,50346,175,595,56
AUS,SFO,23,717,674,8223,465,1130,106,0,37997,100,820,57
FRA,STR,225,319,642,7961,467,1109,123,0,39028,127,823,58
AGP,FCO,155,319,871,10601,470,1341,123,0,49168,106,861,59
EWR,MCO,171,320,473,5353,470,943,151,0,31443,131,480,60
AGP,BHX,196,738,737,8932,472,1209,189,0,51207,111,697,61
BHX,IST,241,739,593,7005,472,1065,178,0,41178,115,433,62
FRA,IBZ,70,320,576,6617,472,1048,151,0,36705,144,610,63
EDI,IST,116,738,152,1338,475,627,189,0,16274,165,308,64
IAD,JAX,264,ERJ,490,5448,476,966,37,0,21812,57,1467,65
DOH,IAH,139,777,415,4429,478,893,314,0,40022,270,334,66
FRA,YYZ,146,77W,456,5032,481,937,396,0,50482,339,336,67
IAH,MCO,230,320,355,3670,483,838,151,0,24436,45,317,68
CVG,XNA,33,CRJ,484,5453,488,1258,50,0,22970,26,977,69
EWR,YOW,92,ERJ,539,6097,490,1029,37,0,23663,14,1068,70
IAD,PEK,179,777,724,8640,493,1217,314,0,65446,272,549,71
DUB,FRA,79,320,479,5717,503,982,151,0,32958,137,587,72
FCO,MPL,153,E75,690,8336,504,1194,80,0,35258,35,633,73
FCO,RZE,201,DH4,796,9867,506,1302,68,0,38716,69,1281,74
DFW,MCO,135,738,1096,13778,506,1602,189,0,73498,150,762,75
AMS,FRA,191,32A,632,7348,507,1139,151,0,39748,97,407,76
FAO,FRA,83,32A,205,2108,507,712,151,0,17934,149,343,77
FCO,STR,93,319,695,8401,511,1206,123,0,40718,87,646,78
AGP,STR,124,320,566,6875,514,1080,151,0,37779,119,518,79
AMS,BHX,172,E75,836,10166,516,1352,80,0,41382,26,982,80
CHS,EWR,252,ERJ,463,5139,516,979,37,0,20930,27,1283,81
LXR,RUH,67,320,916,11633,519,1435,151,29,57586,129,823,82
MAA,RUH,238,333,454,5332,519,973,300,0,44261,213,264,83
IAD,YOW,9,ERJ,662,8220,520,1182,37,0,29717,11,1284,84
AUS,IAH,118,320,582,6878,520,1102,151,0,37791,114,474,85
CDG,VRN,15,318,366,4102,526,1480,112,16,23408,29,744,86
DOH,PEK,234,77W,1018,12736,528,1546,396,0,104260,303,490,87
DFW,IAD,132,738,522,5947,529,1051,189,0,37476,83,469,88
AGP,GVA,226,320,805,9885,530,1335,151,0,50309,129,700,89
AUS,MCO,165,E90,747,9188,531,1278,100,0,40729,73,774,90
DOH,RUH,111,333,724,8540,531,940,300,19,63113,259,506,91
AGP,FRA,208,321,1043,12935,532,1575,197,0,71013,133,567,92
GVA,STR,195,S20,936,11758,534,1470,58,0,43179,35,1234,93
MCO,YYZ,140,737,401,4428,536,937,124,0,25534,57,486,94
BOS,MCO,170,320,652,7659,538,1190,151,0,41043,37,449,95
AMS,IAD,187,333,555,6641,541,1096,300,0,51954,228,398,96
MUC,FRA,75,320,700,8437,543,1243,151,0,44281,58,600,97
GVA,IAD,228,763,900,11288,546,1446,218,0,66543,196,754,98
BHX,FRA,211,319,275,2847,546,821,123,350,19385,99,348,99
FRA,MXP,80,320,680,7982,546,1226,151,0,42387,92,462,100
EDI,GVA,247,319,462,5380,552,1014,123,0,29114,86,494,101
FCO,YYZ,145,333,447,4763,554,1001,300,0,40918,268,385,102
IAH,IST,245,77W,613,7513,555,1168,396,0,67801,288,324,103
BOS,JAX,169,E90,1011,12484,557,1568,100,0,52517,92,1122,104
EWR,MSP,78,73W,749,9273,557,1241,149,0,47498,67,1340,105
EWR,YQB,261,ERJ,821,9962,558,1379,37,0,34686,42,1974,106
FCO,IAD,262,763,369,3772,565,934,218,0,29462,174,310,107
AMS,BEG,193,319,341,3426,574,915,123,0,21609,56,428,108
RYG,RZE,45,738,606,7312,577,1183,189,0,43755,178,618,109
BEG,IST,240,738,1004,12561,583,1587,189,0,67900,41,1030,110
GVA,IST,243,320,906,11503,583,1489,151,0,57045,95,569,111
IAH,PSP,64,CR7,523,6042,584,1107,70,0,26634,31,641,112
BOS,IAD,168,E90,331,3566,584,915,100,0,20622,57,358,113
AMS,IAH,104,74M,364,3831,589,953,319,0,36758,94,479,114
BEY,RUH,51,32A,557,6311,590,1248,151,353,35431,125,514,115
PEK,YYZ,150,77W,908,11301,598,1506,396,0,94243,302,451,116
CMN,IST,17,738,850,10282,601,1451,189,0,57417,51,556,117
AMS,BOS,184,333,877,10788,603,1480,300,0,76323,251,588,118
EWR,SJU,74,739,849,10303,606,1461,178,0,55932,161,796,119
AUS,IAD,249,CR7,658,8068,610,1268,70,0,33181,58,966,120
DFW,FRA,131,777,670,8068,612,1282,314,0,61993,276,513,121
AUS,IAD,117,CR7,687,8068,612,1299,70,0,33181,32,749,122
AGP,IST,239,738,556,6364,617,1173,189,0,39394,88,970,123
FCO,PEK,176,330,278,2632,620,898,277,0,27117,114,255,124
DOH,MAA,233,333,355,3820,621,976,300,0,35376,247,309,125
GVA,STR,105,S20,950,11758,623,1573,58,0,43179,26,1117,126
AGP,AMS,199,73H,353,3770,623,976,162,1,25608,81,768,127
AGP,BHX,106,738,719,8932,636,1355,189,135,51207,170,705,128
MAA,RUH,113,333,482,5332,639,1121,300,0,44261,266,408,129
ALA,IST,202,738,443,4779,644,1087,189,0,32103,147,382,130
BEG,GVA,194,S20,463,5186,645,1108,58,0,22848,24,653,131
IAH,JAX,122,ERJ,747,8852,647,1394,37,0,31520,24,1497,132
FRA,PEK,177,773,1039,12953,651,1690,368,0,100896,190,691,133
BHX,EWR,210,752,333,3689,651,984,200,0,27834,174,409,134
DFW,JAX,134,M80,640,7710,660,1300,150,162,41141,102,499,135
IST,YYZ,149,763,622,7479,660,1282,218,0,47751,56,439,136
CDG,MPL,14,318,1041,13225,666,1707,112,0,57296,85,977,137
DOH,FRA,143,333,890,11331,670,1560,300,0,79514,215,473,138
BOS,FRA,212,744,937,11953,671,1608,416,0,102050,113,692,139
AMS,PEK,183,332,650,7855,672,1322,246,0,52844,186,433,140
MSP,YYZ,10,CRA,712,8606,673,1385,70,0,34919,42,881,141
FRA,MPL,222,735,625,7245,674,1299,108,0,34648,38,646,142
DOH,FCO,231,333,617,7528,675,1292,300,0,57166,88,399,143
MEX,SAP,16,E70,701,8651,675,1376,70,21,35065,44,2358,144
IAD,YYZ,147,ERJ,483,5475,676,1159,37,0,21889,12,913,145
ELP,IAH,63,ERJ,563,6802,677,1240,37,0,25673,35,1688,146
AGP,EDI,197,738,591,7099,678,1269,189,0,42775,175,564,147
CHS,IAD,119,CRJ,481,5428,682,1163,50,0,22895,0,682,148
EWR,FRA,216,744,196,2042,689,885,416,0,30586,307,183,149
GVA,RUH,235,320,401,4498,704,1105,151,0,27883,121,419,150
IAH,YYZ,148,CRA,621,7409,705,1326,70,0,31051,47,1059,151
AMS,EWR,186,76W,620,7109,706,1326,218,0,45925,189,516,152
BOS,FCO,158,330,465,5015,709,1174,277,0,40490,195,263,153
BHX,FCO,270,321,596,7027,712,1308,197,0,43293,176,572,154
FRA,GVA,192,E90,568,6523,719,1287,100,0,31197,91,733,155
FRA,RUH,223,333,582,6878,731,1313,300,0,53346,124,437,156
BOS,EWR,167,E90,350,3798,735,1085,100,0,21451,64,377,157
AUS,OAK,37,73W,415,4754,738,1153,149,0,28789,46,383,158
PEK,WNZ,29,738,595,7137,739,1334,189,7,42950,130,408,159
GVA,MAN,60,319,581,6631,744,1325,123,0,33919,115,689,160
FCO,SKP,22,E75,1064,13629,749,1813,80,0,52971,63,1234,161
MSP,XNA,35,CRJ,622,7687,751,1373,50,0,29675,65,1416,162
AGP,RTM,46,73H,849,10348,752,1601,162,0,53824,142,733,163
FRA,FUE,76,757,446,4862,760,1206,200,0,33378,181,469,164
BHX,EDI,102,DH4,418,4385,760,1178,68,0,21127,83,816,165
EWR,MAN,82,752,794,9744,762,1556,200,28,56453,167,668,166
ISP,MCO,40,73W,311,2978,766,1077,149,286,21436,128,394,167
BHX,EDI,173,DH4,389,4385,770,1159,68,0,21127,6,508,168
FRA,SVO,85,320,864,10979,774,1638,151,0,54864,111,723,169
DXB,YYZ,36,388,613,7232,778,1391,555,0,83086,275,764,170
IAD,PWM,266,CRJ,380,3993,784,1164,50,0,18588,37,768,171
ACC,FCO,20,330,541,6232,787,1328,277,0,47320,233,477,172
AUS,IAH,250,320,566,6878,789,1355,151,0,37791,143,641,173
GVA,FCO,160,32S,334,3386,794,1126,150,4,23190,39,333,174
EWR,PHL,69,320,488,5718,801,1768,151,0,32962,124,495,175
EWR,IAH,256,739,889,11119,812,1701,178,0,59582,116,551,176
AMS,ALA,203,330,288,2649,814,1089,277,0,27212,132,264,177
RUH,FCO,162,320,350,3546,815,1158,151,0,23920,70,740,178
EDI,LCY,26,E90,636,7532,821,1457,100,0,34806,89,786,179
LBA,MPL,44,738,585,7072,821,1406,189,0,42651,179,612,180
CHS,DCA,4,E70,817,9829,826,1643,70,0,38871,34,893,181
BFS,BHX,59,319,724,8652,832,1556,123,0,41682,53,1443,182
ALA,FRA,209,333,296,3071,835,1131,300,0,30975,246,314,183
AMS,KWI,12,73H,523,5894,835,1305,162,0,34719,104,404,184
KWI,MAA,50,310,873,11116,844,1717,206,159,63856,144,543,185
IST,EDI,116,738,152,1338,847,999,189,0,16274,108,499,186
AGP,IST,114,738,548,6364,856,1404,189,0,39394,157,513,187
EDI,FRA,214,321,100,578,857,957,197,0,13034,181,244,188
AMS,IAH,188,74M,364,3831,860,1224,319,0,36758,274,329,189
ATH,YYZ,58,330,797,9553,865,1662,277,0,65957,71,726,190
IAH,YYZ,97,320,621,7409,869,1232,151,0,40002,107,523,191
GVA,IAD,110,763,916,11288,871,1787,218,0,66543,178,705,192
DFW,YYZ,137,319,578,6773,872,1450,123,0,34465,59,677,193
AMS,GVA,109,737,790,9935,875,1665,124,0,46750,101,764,194
EWR,SAP,259,738,811,10258,883,1694,189,0,57306,149,607,195
FRA,BHX,211,319,275,2847,889,1157,123,0,19385,124,473,196
MAA,DOH,112,333,341,3820,892,1254,300,0,35376,248,297,197
FCO,FRA,159,319,578,6837,902,1480,123,0,34711,110,698,198
FCO,VRN,163,32S,345,3384,909,1254,150,12,23181,133,417,199
FUE,VRN,47,320,570,6665,913,1483,151,0,36904,105,491,200
MBA,IST,57,739,370,4084,915,1285,178,0,28111,166,486,201
ORD,YQB,11,ERJ,675,7911,920,1595,37,0,28836,58,1864,202
ALA,GUW,49,321,545,6277,923,1468,197,0,39774,164,445,203
FCO,GVA,100,32S,338,3386,939,1277,150,0,23190,101,291,204
MCO,YYZ,95,737,416,4428,946,1362,124,0,25534,113,549,205
MCO,IAH,230,320,355,3670,946,1281,151,0,24436,33,284,206
DOH,IST,232,333,411,4316,952,1363,300,274,38291,216,240,207
PEK,FCO,176,330,278,2632,956,1227,277,0,27117,228,325,208
AMS,GVA,205,737,808,9935,958,1766,124,0,46750,30,641,209
STR,EWR,217,752,465,5538,960,1427,200,0,36573,109,491,210
FCO,IST,161,321,316,3398,965,1281,197,0,26265,176,379,211
IAD,CHS,253,CRJ,482,5428,967,1457,50,0,22895,53,1057,212
BOS,YYZ,142,E90,514,5787,969,1483,100,0,28565,67,531,213
AMS,STR,207,F70,550,6593,969,1519,75,0,28920,22,1402,214
FRA,EWR,216,744,196,2042,971,1159,416,0,30586,331,211,215
YYZ,MCO,140,737,401,4428,977,1385,124,0,25534,70,399,216
IST,AMS,206,737,508,5998,980,1495,124,0,31582,71,438,217
CLE,EWR,87,738,813,10228,983,1796,189,0,57168,148,608,218
FRA,MCO,221,744,531,6170,988,1519,416,0,60351,339,412,219
AUA,IAD,61,753,441,5024,992,1628,243,0,37716,171,290,220
BHX,STR,174,E75,105,1116,994,1099,80,5,11096,61,381,221
BEG,AMS,193,319,341,3426,995,1341,123,314,21609,105,414,222
JAX,IAD,264,ERJ,490,5448,997,1478,37,0,21812,40,1222,223
BOS,CHS,166,E90,862,10685,1001,1863,100,0,46083,37,1714,224
MCO,EWR,171,320,473,5353,1001,1461,151,0,31443,130,534,225
IST,SVO,56,739,757,9340,1005,1780,178,0,51624,158,699,226
YYZ,FRA,146,77W,456,5032,1017,1470,396,29,50482,294,273,227
DOH,GVA,182,320,475,5669,1020,1495,151,0,32758,110,430,228
DFW,SLC,6,M83,703,8486,1021,1724,155,0,44977,99,501,229
PEK,GVA,178,330,545,6481,1022,1558,277,0,48717,208,381,230
AMS,YYZ,189,M11,527,5891,1025,1552,285,0,46151,249,475,231
IAD,FCO,262,763,369,3772,1034,1387,218,0,29462,152,244,232
AMS,AGP,199,73H,353,3770,1039,1385,162,0,25608,117,307,233
XNA,IAH,269,CRJ,456,5349,1041,1493,50,0,22658,45,953,234
BRU,EDI,55,319,905,11201,1041,1946,123,0,51473,116,956,235
IAH,DOH,139,777,415,4429,1042,1448,314,0,40022,256,306,236
MAA,RUN,65,738,880,10851,1043,1923,189,29,60034,175,806,237
ATL,EWR,72,717,404,4614,1043,1447,106,0,24840,56,1147,238
AUS,EWR,248,738,758,9275,1046,1804,189,0,52785,105,1391,239
XNA,DFW,136,M80,506,5643,1046,1558,150,0,32560,95,431,240
RUH,IAD,236,777,647,7971,1047,1714,314,0,61407,273,487,241
EWR,ORD,68,E75,760,9205,1051,1811,80,0,38166,91,1197,242
DFW,EWR,130,M83,762,9245,1052,1814,155,0,48172,109,588,243
EWR,PEK,175,777,848,10409,1055,1903,314,0,76126,277,688,244
IAD,BOS,168,E90,331,3566,1055,1390,100,0,20622,106,591,245
BOS,DFW,128,738,584,6876,1057,1641,189,0,41749,174,569,246
AMS,DOH,152,332,744,8936,1058,1802,246,0,58525,204,592,247
EDI,IST,242,738,149,1338,1059,1208,189,0,16274,168,274,248
BZE,SAP,3,CNC,601,7308,1060,1661,19,0,25148,0,1980,249
AGP,SOU,27,738,467,5085,1061,1711,189,0,33511,135,343,250
BOS,PLS,24,320,520,6258,1062,1582,151,0,35210,140,590,251
AMS,FCO,99,321,123,1384,1065,1188,197,0,16816,59,210,252
GVA,EDI,247,319,462,5380,1065,1527,123,0,29114,80,447,253
CMN,FRA,73,73G,633,7486,1069,1702,149,0,40100,85,1357,254
DEN,XNA,62,738,894,11246,1069,1570,189,0,61851,170,808,255
IBZ,FRA,70,320,576,6617,1079,1649,151,0,36705,107,490,256
EWR,CHS,252,ERJ,463,5139,1083,1549,37,0,20930,56,1413,257
FRA,EDI,214,321,100,578,1087,1175,197,0,13034,167,208,258
BHX,FAO,41,738,749,8979,1087,1836,189,0,51423,62,521,259
IAD,DFW,132,738,522,5947,1089,1616,189,0,37476,161,456,260
IST,STR,246,320,553,6439,1090,1643,151,0,35964,45,880,261
MAA,DOH,233,333,355,3820,1093,1440,300,0,35376,252,350,262
IAD,JAX,120,ERJ,475,5448,1094,1569,37,0,21812,26,1119,263
IAH,DFW,133,M83,641,7699,1095,1721,155,0,41664,117,533,264
FRA,MAD,71,77W,554,6733,1095,1607,396,0,62356,291,313,265
BEG,FCO,157,E90,809,9850,1097,1906,100,0,43096,79,814,266
YYZ,EWR,144,E75,707,8839,1107,1838,80,0,36942,40,2022,267
RUH,MAA,238,333,454,5332,1109,1591,300,0,44261,213,268,268
EDI,AMS,204,737,679,8061,1118,1771,124,19,39530,114,746,269
YYZ,FCO,145,333,447,4763,1126,1566,300,0,40918,162,368,270
EWR,BHX,210,752,333,3689,1128,1485,200,0,27834,114,791,271
PHL,PWM,7,E90,549,6154,1129,1678,100,0,29878,79,608,272
FRA,KWI,81,340,498,5976,1130,1628,295,0,47576,241,430,273
AMS,FCO,156,321,128,1384,1135,1263,197,0,16816,129,211,274
CHS,MDW,39,ERJ,654,7904,1139,1445,37,0,28816,17,1302,275
VRN,AMS,200,73H,671,8174,1140,1828,162,0,44499,146,669,276
MCO,IAD,265,320,713,8534,1144,1844,151,25,44685,74,1329,277
MAA,FRA,154,343,588,6941,1148,1720,295,0,53191,219,366,278
IAD,AMS,187,333,555,6641,1149,1722,300,0,51954,236,440,279
RZE,FRA,224,CR7,642,7782,1150,1793,70,0,32256,40,823,280
IAD,PWM,121,CRJ,386,3993,1151,1537,50,0,18588,49,778,281
GVA,BEG,194,S20,463,5186,1153,1626,58,128,22848,29,655,282
FRA,IST,220,321,517,5830,1153,1670,197,12,37676,146,445,283
STR,FCO,126,319,680,8401,1153,1829,123,0,40718,74,539,284
BEG,FRA,141,319,903,10994,1154,2057,123,0,50678,80,1062,285
DOH,HGH,54,332,819,10198,1155,1974,246,0,65157,208,664,286
IAD,DOH,138,777,705,8356,1159,1862,314,0,63731,77,639,287
AUS,DFW,127,M80,578,6651,1159,1737,150,328,36744,52,505,288
SFO,AUS,23,717,674,8223,1163,1837,106,0,37997,98,864,289
AMS,DFW,185,332,563,6753,1165,1728,246,0,47052,214,510,290
FLR,STR,8,DH4,445,5238,1165,1610,68,0,23864,35,585,291
SAP,IAH,268,738,727,8802,1166,1874,189,0,50609,152,574,292
GVA,EWR,227,763,693,8506,1169,1860,218,0,52818,109,591,293
STR,BEG,125,319,708,8587,1169,1876,123,0,41432,84,590,294
RUH,DOH,229,777,721,8540,1174,1869,314,0,64842,272,589,295
IST,ALA,202,738,443,4779,1176,1596,189,0,32103,157,389,296
MAA,HKG,31,333,708,8323,1176,1884,300,0,61838,260,543,297
PEK,IAH,180,773,670,8216,1181,1870,368,0,69354,294,427,298
RUH,IST,237,320,740,9178,1182,1942,151,0,47366,109,600,299
DFW,CHS,129,ER4,720,8519,1184,1874,50,0,32173,18,949,300
FLL,JAX,66,73W,518,6251,1186,1704,149,0,34987,117,521,301
RUH,GVA,235,320,401,4498,1187,1610,151,12,27883,91,337,302
ALA,IST,108,738,409,4779,1188,1597,189,0,32103,141,332,303
EWR,BOS,167,E90,350,3798,1189,1553,100,0,21451,92,544,304
IST,IAD,244,330,662,8011,1189,1839,277,0,57304,200,357,305
RUH,DOH,111,333,724,8540,1189,1913,300,0,63113,260,597,306
IAD,IAH,263,320,759,9111,1190,1949,151,0,47087,107,571,307
EWR,PWM,258,DH4,752,9194,1191,1943,68,0,36557,42,890,308
BGW,DOH,53,320,326,3587,1198,1524,151,0,24091,131,373,309
STR,FRA,225,319,642,7961,1198,1842,123,0,39028,75,563,310
IST,BHX,241,739,593,7005,1199,1797,178,0,41178,145,499,311
PWM,IAD,266,CRJ,380,3993,1201,1556,50,0,18588,32,745,312
STR,BHX,174,E75,105,1116,1202,1306,80,8,11096,85,361,313
FRA,VRN,190,E95,850,10334,1208,2058,106,0,45692,62,683,314
YYZ,IAD,147,ERJ,483,5475,1210,1682,37,0,21889,4,900,315
STR,AGP,124,320,566,6875,1215,1810,151,0,37779,94,460,316
MAN,MCO,32,330,602,7211,1216,1818,277,0,52814,225,475,317
ALA,AMS,203,330,275,2649,1216,1484,277,0,27212,230,323,318
IST,IAH,245,77W,613,7513,1217,1863,396,0,67801,314,374,319
EWR,EDI,213,752,683,8452,1217,1925,200,0,50346,176,583,320
JAX,IAH,267,ERJ,716,8852,1217,1940,37,0,31520,38,1715,321
KRK,STR,2,CRJ,599,6985,1220,1819,50,0,27568,19,819,322
YQB,YYZ,98,DH4,661,7972,1220,1881,68,0,32636,48,867,323
FRA,ALA,209,333,296,3071,1222,1545,300,0,30975,258,335,324
YYZ,YQB,151,DH4,670,7972,1224,1900,68,0,32636,80,1156,325
SFO,EWR,90,739,640,7720,1225,1886,178,0,44377,141,505,326
ALA,PEK,198,738,801,9980,1230,2031,189,0,56028,162,710,327
FRA,FAO,83,32A,205,2108,1230,1435,151,0,17934,110,264,328
BHX,LDY,42,738,683,7999,1231,1914,189,0,46915,156,609,329
EWR,YTZ,84,73G,547,6663,1231,1757,149,0,36692,103,482,330
FCO,RUH,162,320,343,3546,1232,1590,151,0,23920,131,386,331
LGA,JAX,34,73W,769,9310,1233,2004,149,0,47651,99,584,332
ATL,CHS,13,320,540,6206,1235,1775,151,0,34994,110,470,333
MPL,FCO,153,E75,690,8336,1236,1929,80,0,35258,53,763,334
HKT,PEK,28,738,134,1374,1238,1372,189,23,16440,126,179,335
ALA,PEK,107,738,815,9980,1238,2053,189,5,56028,175,726,336
FCO,GVA,160,32S,332,3386,1239,1582,150,0,23190,96,282,337
DCA,EWR,88,DH4,579,6673,1240,1819,68,7,28469,65,951,338
EDI,BHX,173,DH4,389,4385,1243,1641,68,12,21127,24,467,339
DTW,EWR,77,717,593,6971,1243,1836,106,0,33432,26,607,340
EWR,FRA,216,744,188,2042,1243,1439,416,0,30586,359,283,341
AUS,MCO,101,E90,772,9188,1255,2027,100,0,40729,84,872,342
EWR,SAN,89,739,857,10853,1256,2113,178,0,58392,117,497,343
SAP,SJO,18,ATR,384,4398,1257,1641,48,0,19652,34,799,344
SJO,EWR,91,738,752,9153,1258,1991,189,0,52223,174,680,345
HEL,GVA,19,E90,667,8121,1258,1719,100,0,36913,63,620,346
FUE,FRA,76,757,446,4862,1273,1973,200,0,33378,119,509,347
BOS,DFW,94,738,578,6876,1279,1857,189,0,41749,151,459,348
IST,AGP,239,738,556,6364,1280,1815,189,26,39394,142,452,349
FRA,AMS,191,32A,632,7348,1286,1900,151,0,39748,103,490,350
STR,FCO,93,319,695,8401,1289,1707,123,0,40718,88,581,351
DOH,PEK,112,333,1010,12736,1289,2299,300,0,87771,242,653,352
BHX,FRA,211,319,268,2847,1290,1579,123,0,19385,94,334,353
MCO,BOS,170,320,652,7659,1291,1940,151,0,41043,141,646,354
FCO,BOS,158,330,465,5015,1298,1739,277,0,40490,220,395,355
IST,EDI,242,738,149,1338,1301,1451,189,0,16274,169,264,356
EDI,AGP,197,738,591,7099,1302,1899,189,0,42775,159,566,357
FCO,PEK,176,330,271,2632,1303,1578,277,0,27117,207,243,358
MCO,AUS,165,E90,747,9188,1309,2077,100,0,40729,25,1367,359
EDI,FRA,214,321,88,578,1312,1383,197,15,13034,83,319,360
IAH,FRA,219,388,838,10127,1313,2119,555,0,108588,437,463,361
IAH,CHS,254,ERJ,858,10910,1314,2176,37,0,37389,49,2207,362
EWR,FCO,215,764,758,9520,1314,2072,245,0,61459,103,563,363
MCO,SJU,25,73G,756,9142,1317,1438,149,0,46955,112,632,364
PEK,IAD,179,777,724,8640,1318,2049,314,0,65446,226,389,365
IAD,CHS,119,CRJ,481,5428,1320,2212,50,0,22895,33,876,366
DUB,RZE,43,738,611,7170,1320,1931,189,0,43102,134,452,367
VRN,FCO,163,32S,345,3384,1320,1631,150,0,23181,142,409,368
IAH,XNA,123,CRJ,483,5349,1321,1804,50,0,22658,63,1122,369
MXP,FRA,80,320,680,7982,1325,1985,151,0,42387,128,636,370
SAP,RTB,30,SF3,741,9016,1327,2068,36,13,31859,13,1364,371
YYZ,IAD,96,320,475,5475,1330,1805,151,0,31951,105,423,372
FCO,AMS,156,321,128,1384,1332,1457,197,0,16816,149,266,373
JAX,DFW,134,M80,640,7710,1333,1984,150,0,41141,105,524,374
YYZ,IST,149,763,622,7479,1338,1958,218,0,47751,189,562,375
IAH,AMS,188,74M,364,3831,1341,1701,319,219,36758,277,368,376
IAH,AMS,104,74M,364,3831,1347,1860,319,24,36758,269,310,377
HOU,DFW,5,M83,499,5871,1348,1519,155,0,33970,104,366,378
IAH,MCO,230,320,335,3670,1348,1703,151,0,24436,123,411,379
BHX,AGP,196,738,737,8932,1352,2086,189,0,51207,140,508,380
PWM,BWI,38,DH3,284,2979,1353,1637,50,0,15544,41,615,381
RZE,RYG,45,738,606,7312,1354,1982,189,0,43755,90,543,382
GVA,FRA,192,E90,568,6523,1365,1925,100,0,31197,24,1035,383
FCO,DOH,231,333,617,7528,1369,2006,300,0,57166,224,420,384
PSP,IAH,64,CR7,523,6042,1370,1893,70,0,26634,59,805,385
EWR,AMS,186,76W,620,7109,1372,1958,218,0,45925,193,513,386
FCO,AMS,99,321,123,1384,1380,1943,197,0,16816,167,289,387
RUH,FRA,223,333,582,6878,1381,1961,300,0,53346,228,369,388
IAH,AUS,118,320,582,6878,1387,1969,151,0,37791,110,496,389
IAD,EWR,255,DH4,913,11274,1391,2304,68,0,43231,33,1298,390
FRA,MUC,75,320,700,8437,1395,2095,151,0,44281,107,522,391
IAD,AUS,249,CR7,658,8068,1396,2046,70,0,33181,83,1213,392
YYZ,IAH,148,CRA,621,7409,1401,2003,70,0,31051,76,1061,393
GVA,AGP,226,320,805,9885,1404,2197,151,0,50309,121,729,394
FCO,BHX,270,321,596,7027,1405,1994,197,0,43293,143,441,395
YQB,EWR,261,ERJ,821,9962,1411,2236,37,0,34686,29,2092,396
FRA,DFW,131,777,670,8068,1413,2092,314,0,61993,255,477,397
BHX,AGP,106,738,719,8932,1414,2008,189,0,51207,143,531,398
MPL,FRA,222,735,625,7245,1415,2039,108,0,34648,57,471,399
SAP,MEX,16,E70,701,8651,1419,2120,70,0,35065,78,1153,400
BHX,AMS,172,E75,836,10166,1419,2252,80,8,41382,74,1081,401
AMS,BEG,193,319,346,3426,1426,1747,123,0,21609,93,358,402
YTZ,YQB,52,DH4,974,12469,1427,2399,68,0,47065,48,3422,403
IST,FCO,161,321,316,3398,1430,1749,197,0,26265,166,384,404
BHX,STR,174,E75,104,1116,1432,1548,80,0,11096,62,319,405
FCO,IAD,262,763,353,3772,1433,1798,218,0,29462,147,269,406
YYZ,MSP,10,CRA,712,8606,1436,2154,70,0,34919,20,872,407
RZE,FCO,201,DH4,796,9867,1443,2228,68,0,38716,35,1240,408
EWR,BZE,86,738,953,11870,1447,2406,189,0,64722,123,552,409
AGP,AMS,199,73H,346,3770,1449,1792,162,0,25608,146,386,410
BOS,AUS,164,E90,1046,13336,1449,2509,100,0,55564,102,1295,411
PEK,HKT,28,738,134,1374,1454,1581,189,0,16440,175,324,412
FRA,EDI,214,321,88,578,1456,1543,197,0,13034,43,310,413
FCO,AGP,155,319,871,10601,1456,2323,123,0,49168,84,721,414
IAH,BOS,251,739,1017,12660,1459,2478,178,4,66476,141,724,415
YOW,EWR,92,ERJ,539,6097,1462,2001,37,0,23663,22,1157,416
PEK,AMS,183,332,650,7855,1468,2127,246,0,52844,206,518,417
JAX,IAH,122,ERJ,747,8852,1470,2209,37,0,31520,59,2090,418
MAN,GVA,60,319,581,6631,1475,2111,123,0,33919,98,615,419
IST,AGP,114,738,548,6364,1479,2014,189,0,39394,173,583,420
IAH,AUS,250,320,566,6878,1482,2045,151,0,37791,35,764,421
MSP,EWR,78,73W,749,9273,1484,2233,149,0,47498,129,680,422
DOH,MAA,233,333,347,3820,1488,1859,300,0,35376,240,325,423
IST,CMN,17,738,850,10282,1489,2318,189,0,57417,78,662,424
RUH,MAA,113,333,482,5332,1499,1981,300,0,44261,245,380,425
MCO,YYZ,140,737,408,4428,1499,1913,124,0,25534,18,340,426
IST,DOH,232,333,411,4316,1506,1921,300,4,38291,264,374,427
IAD,FRA,218,333,1045,13142,1506,2559,300,0,90157,267,801,428
MDW,CHS,39,ERJ,654,7904,1507,2161,37,0,28816,29,1768,429
DOH,IAH,139,777,406,4429,1510,1926,314,0,40022,228,267,430
IAD,GVA,228,763,900,11288,1512,2404,218,0,66543,167,554,431
CHS,IAD,253,CRJ,490,5428,1513,1972,50,0,22895,18,727,432
JAX,EWR,257,ERJ,1076,13701,1513,2611,37,0,45349,29,2237,433
RUH,BEY,51,32A,557,6311,1514,2071,151,0,35431,65,1023,434
FRA,YYZ,146,77W,453,5032,1518,1980,396,0,50482,212,362,435
EWR,MCO,171,320,460,5353,1523,1978,151,0,31443,129,497,436
XNA,CVG,33,CRJ,484,5453,1523,2007,50,0,22970,40,913,437
VRN,CDG,15,318,366,4102,1527,1893,112,0,23408,104,543,438
BOS,AMS,184,333,877,10788,1534,2408,300,0,76323,242,539,439
BOS,IAD,168,E90,335,3566,1538,1883,100,0,20622,80,512,440
BHX,EWR,210,752,357,3689,1540,1905,200,0,27834,155,353,441
IAD,AUS,117,CR7,687,8068,1541,2230,70,0,33181,46,2275,442
EWR,STR,217,752,467,5538,1545,2022,200,0,36573,157,408,443
PEK,IST,103,77W,1026,13209,1546,2287,396,0,107562,342,689,444
FRA,FCO,159,319,578,6837,1549,2125,123,0,34711,68,462,445
MCO,FRA,221,744,531,6170,1555,2076,416,0,60351,355,400,446
AMS,IST,206,737,515,5998,1555,2064,124,0,31582,81,442,447
SJU,EWR,74,739,849,10303,1558,2407,178,0,55932,44,963,448
RUH,LXR,67,320,916,11633,1560,2498,151,0,57586,125,790,449
STR,AMS,207,F70,550,6593,1560,2111,75,0,28920,73,894,450
MPL,LBA,44,738,585,7072,1566,2150,189,0,42651,140,430,451
EDI,IST,242,738,150,1338,1568,1725,189,0,16274,103,279,452
GVA,DOH,182,320,475,5669,1571,2079,151,0,32758,112,453,453
XNA,EWR,260,ERJ,1077,13393,1571,2647,37,0,44471,26,2107,454
FRA,EWR,216,744,188,2042,1581,1757,416,0,30586,187,260,455
IAH,XNA,269,CRJ,452,5349,1581,2044,50,0,22658,37,919,456
RZE,BVA,48,DH4,1037,12889,1584,2626,68,0,48413,30,1024,457
PEK,DOH,234,77W,1018,12736,1588,2607,396,0,104260,138,949,458
BOS,EWR,167,E90,364,3798,1591,1932,100,0,21451,60,363,459
YYZ,PEK,150,77W,908,11301,1591,2491,396,0,94243,319,533,460
GUW,ALA,49,321,545,6277,1593,2503,197,0,39774,130,357,461
IAD,JAX,264,ERJ,481,5448,1595,2067,37,0,21812,22,1034,462
FRA,DOH,143,333,890,11331,1595,2510,300,0,79514,262,649,463
PEK,IST,181,77W,1037,13209,1595,2651,396,0,107562,321,569,464
IAD,PWM,266,CRJ,355,3993,1596,1957,50,0,18588,13,528,465
YYZ,DFW,137,319,578,6773,1596,2179,123,0,34465,119,707,466
GVA,PEK,178,330,536,6481,1598,2132,277,0,48717,103,397,467
AMS,FCO,156,321,125,1384,1599,1758,197,0,16816,76,281,468
AMS,ALA,203,330,275,2649,1600,1891,277,0,27212,224,236,469
JAX,BOS,169,E90,1011,12484,1603,2611,100,0,52517,90,1123,470
YYZ,AMS,189,M11,527,5891,1609,2108,285,0,46151,112,672,471
STR,GVA,195,S20,936,11758,1613,2552,58,0,43179,44,1406,472
IST,GVA,243,320,906,11503,1616,2544,151,0,57045,109,685,473
YYZ,BOS,142,E90,514,5787,1617,2121,100,30,28565,64,515,474
ALA,FRA,209,333,323,3071,1620,1912,300,0,30975,259,303,475
FRA,DUB,79,320,479,5717,1620,2100,151,0,32958,141,586,476
FRA,AGP,208,321,1043,12935,1621,2633,197,0,71013,156,707,477
EDI,FRA,214,321,71,578,1623,1703,197,0,13034,143,224,478
STR,GVA,105,S20,950,11758,1629,2578,58,0,43179,65,1631,479
IST,BEG,240,738,1004,12561,1629,2632,189,0,67900,129,615,480
VRN,FUE,47,320,570,6665,1636,2219,151,0,36904,136,646,481
DFW,XNA,136,M80,512,5643,1636,2144,150,23,32560,34,684,482
VRN,CGN,1,319,710,8376,1637,2347,123,11,40622,104,763,483
EDI,GVA,247,319,462,5380,1646,2117,123,0,29114,88,512,484
DFW,MAD,5,M83,171,1931,1648,2147,155,0,17387,150,357,485
MCO,DFW,135,738,1096,13778,1651,2724,189,0,73498,147,742,486
JAX,IAD,120,ERJ,475,5448,1652,2111,37,0,21812,26,1124,487
IST,MBA,57,739,370,4084,1654,2043,178,0,28111,161,452,488
FCO,YYZ,145,333,440,4763,1662,2078,300,0,40918,87,525,489
RUH,FCO,162,320,343,3546,1663,1982,151,0,23920,92,283,490
FRA,BOS,212,744,937,11953,1670,2639,416,0,102050,319,500,491
FCO,VRN,163,32S,311,3384,1671,1999,150,22,23181,54,632,492
YOW,IAD,9,ERJ,662,8220,1671,2333,37,0,29717,19,1343,493
OAK,AUS,37,73W,415,4754,1672,1772,149,0,28789,122,456,494
MAA,RUH,238,333,482,5332,1673,2123,300,0,44261,251,386,495
PEK,FCO,176,330,271,2632,1675,1938,277,0,27117,198,223,496
MAN,EWR,82,752,794,9744,1675,2483,200,0,56453,115,706,497
MXP,BEG,21,E95,217,2336,1676,1893,106,0,16535,84,408,498
MCO,ISP,40,73W,311,2978,1680,1991,149,0,21436,136,418,499
FRA,LCY,70,320,938,12001,1680,2618,151,226,59118,87,1926,500
GVA,RUH,235,320,423,4498,1681,2075,151,0,27883,93,368,501
CHS,EWR,252,ERJ,466,5139,1694,2137,37,0,20930,6,849,502
STR,BHX,174,E75,104,1116,1695,1819,80,0,11096,54,316,503
BEG,GVA,194,S20,473,5186,1695,2174,58,0,22848,30,645,504
DFW,IAD,132,738,527,5947,1695,2194,189,19,37476,176,574,505
BHX,EDI,173,DH4,398,4385,1703,2114,68,8,21127,46,575,506
GVA,FCO,160,32S,332,3386,1703,2035,150,0,23190,132,443,507
GVA,FCO,100,32S,338,3386,1704,2046,150,0,23190,115,339,508
ALA,IST,202,738,420,4779,1707,2140,189,0,32103,55,636,509
FRA,BHX,211,319,268,2847,1707,1991,123,3,19385,71,395,510
YYZ,DXB,36,388,613,7232,1709,2322,555,0,83086,437,389,511
RTM,AGP,46,73H,849,10348,1709,2548,162,0,53824,116,568,512
SAP,BZE,3,CNC,601,7308,1711,2325,19,0,25148,0,1917,513
GVA,AMS,109,737,790,9935,1729,2307,124,0,46750,68,911,514
IAD,YYZ,147,ERJ,472,5475,1732,2198,37,0,21889,14,1177,515
DFW,BOS,128,738,584,6876,1733,2325,189,153,41749,63,470,516
MAD,FRA,71,77W,554,6733,1733,2287,396,0,62356,216,913,517
IAH,EWR,256,739,889,11119,1733,2628,178,0,59582,119,523,518
YYZ,IAH,97,320,621,7409,1734,2355,151,0,40002,144,699,519
STR,IST,246,320,553,6439,1736,2303,151,0,35964,52,948,520
SJU,MCO,25,73G,756,9142,1737,2493,149,0,46955,34,929,521
LCY,EDI,26,E90,636,7532,1738,2374,100,0,34806,43,727,522
SAP,EWR,259,738,811,10258,1741,2561,189,0,57306,159,674,523
MPL,CDG,14,318,1041,13225,1743,2772,112,0,57296,66,750,524
PEK,FRA,177,773,1039,12953,1745,2788,368,0,100896,277,523,525
PLS,BOS,24,320,520,6258,1757,2279,151,0,35210,101,398,526
DCA,CHS,4,E70,817,9829,1759,2556,70,0,38871,47,1022,527
DFW,AMS,185,332,563,6753,1759,2338,246,0,47052,74,656,528
AMS,IAH,188,74M,360,3831,1763,2138,319,0,36758,159,340,529
AMS,IAD,187,333,573,6641,1776,2356,300,0,51954,240,375,530
SOU,AGP,27,738,467,5085,1780,2247,189,0,33511,175,496,531
IST,FRA,220,321,517,5830,1784,2290,197,0,37676,111,491,532
DFW,IAH,133,M83,626,7699,1788,2445,155,0,41664,115,545,533
BOS,FCO,158,330,441,5015,1792,2230,277,322,40490,209,292,534
PWM,PHL,7,E90,549,6154,1795,2481,100,0,29878,104,786,535
XNA,DEN,62,738,894,11246,1799,2693,189,0,61851,126,489,536
MCO,IAH,230,320,335,3670,1804,2167,151,0,24436,105,336,537
KWI,FRA,81,340,498,5976,1805,2737,295,0,47576,232,354,538
BHX,BFS,59,319,724,8652,1816,2512,123,0,41682,95,702,539
FRA,EDI,214,321,71,578,1826,1926,197,0,13034,186,231,540
HKT,PEK,28,738,127,1374,1827,1961,189,0,16440,121,169,541
EWR,FRA,216,744,196,2042,1833,2042,416,0,30586,327,224,542
IAD,GVA,110,763,916,11288,1833,2749,218,0,66543,197,749,543
FRA,RZE,224,CR7,643,7782,1836,2495,70,0,32256,46,847,544
AMS,EDI,204,737,653,8061,1837,2520,124,0,39530,96,617,545
SVO,IST,56,739,757,9340,1837,2594,178,0,51624,168,793,546
AGP,STR,124,320,595,6875,1841,2417,151,0,37779,117,501,547
YQB,ORD,11,ERJ,675,7911,1843,2482,37,0,28836,11,1215,548
BHX,IST,241,739,598,7005,1843,2427,178,0,41178,156,539,549
EDI,BHX,102,DH4,418,4385,1847,2436,68,0,21127,72,721,550
PHL,EWR,69,320,488,5718,1849,2337,151,0,32962,62,931,551
IAD,RUH,236,777,667,7971,1850,2494,314,0,61407,263,525,552
EWR,DCA,88,DH4,579,6673,1850,2429,68,0,28469,72,945,553
DFW,AUS,127,M80,578,6651,1853,2410,150,0,36744,102,477,554
FCO,YYZ,93,319,418,4763,1856,2551,123,0,26744,121,607,555
WNZ,PEK,29,738,595,7137,1856,2451,189,0,42950,162,537,556
FRA,MAA,154,343,572,6941,1858,2439,295,0,53191,246,413,557
CHS,ATL,13,320,540,6206,1859,2388,151,0,34994,129,578,558
BEG,AMS,193,319,346,3426,1859,2181,123,0,21609,121,450,559
EWR,AUS,248,738,758,9275,1862,2613,189,0,52785,155,628,560
STR,KRK,2,CRJ,599,6985,1863,2448,50,0,27568,61,1247,561
IST,EDI,242,738,150,1338,1863,2014,189,0,16274,70,453,562
AMS,VRN,200,73H,688,8174,1864,2540,162,5,44499,131,571,563
FCO,STR,126,319,676,8401,1866,2556,123,13,40718,79,569,564
FCO,ACC,20,330,541,6232,1866,2383,277,0,47320,249,457,565
BWI,EWR,38,DH3,802,9835,1867,2669,50,0,36123,32,1605,566
FCO,IST,161,321,319,3398,1880,2188,197,0,26265,171,397,567
EWR,DFW,130,M83,762,9245,1885,2654,155,0,48172,144,752,568
BHX,STR,174,E75,116,1116,1886,2002,80,0,11096,57,292,569
DOH,AMS,152,332,744,8936,1887,2622,246,0,58525,219,659,570
FCO,AMS,156,321,125,1384,1895,2019,197,0,16816,53,392,571
FAO,BHX,41,738,749,8979,1902,2580,189,0,51423,126,438,572
DOH,RUH,229,777,695,8540,1903,2610,314,0,64842,275,577,573
IAH,PEK,180,773,689,8216,1908,2581,368,0,69354,105,616,574
BEG,STR,125,319,707,8587,1912,2607,123,0,41432,92,654,575
GVA,AMS,205,737,808,9935,1912,2726,124,0,46750,113,832,576
IAH,SAP,268,738,708,8802,1916,2653,189,0,50609,171,640,577
FRA,STR,225,319,644,7961,1916,2573,123,0,39028,87,638,578
AMS,AGP,199,73H,346,3770,1917,2258,162,0,25608,110,297,579
MCO,MAN,32,330,602,7211,1918,2482,277,0,52814,213,449,580
IAD,MCO,265,320,700,8534,1918,2606,151,0,44685,97,511,581
CHS,DFW,129,ER4,690,8519,1919,2628,50,0,32173,19,1182,582
AUS,DTW,23,717,665,8051,1920,2585,106,0,37370,92,733,583
AGP,IST,239,738,535,6364,1921,2466,189,0,39394,121,351,584
DOH,IAD,138,777,703,8356,1921,2612,314,0,63731,239,426,585
EWR,SFO,90,739,661,7720,1924,2564,178,0,44377,134,464,586
AGP,EDI,197,738,597,7099,1929,2543,189,0,42775,174,574,587
YQB,YYZ,151,DH4,676,7972,1931,2575,68,0,32636,80,1134,588
IAD,FCO,262,763,353,3772,1935,2285,218,0,29462,163,331,589
GVA,LUG,19,E90,461,5383,1936,2603,100,228,27120,70,511,590
EWR,GVA,227,763,691,8506,1938,2651,218,0,52818,184,602,591
IAH,ELP,63,ERJ,563,6802,1946,2509,37,0,25673,26,3130,592
PEK,EWR,175,777,848,10409,1947,2799,314,0,76126,227,467,593
ORD,EWR,68,E75,760,9205,1953,2705,80,0,38166,92,1193,594
ALA,AMS,203,330,268,2649,1957,2248,277,0,27212,152,619,595
IAD,IST,244,330,650,8011,1962,2638,277,0,57304,193,401,596
EWR,BHX,210,752,357,3689,1963,2329,200,0,27834,177,403,597
SVO,FRA,85,320,864,10979,1965,2829,151,0,54864,58,766,598
YYZ,MCO,140,737,408,4428,1968,2354,124,0,25534,51,460,599
MAA,DOH,233,333,347,3820,1968,2326,300,0,35376,233,320,600
EWR,YYZ,144,E75,731,8839,1971,2693,80,0,36942,64,923,601
CHS,BOS,166,E90,862,10685,1976,2845,100,0,46083,54,705,602
IAD,BOS,168,E90,335,3566,1978,2323,100,0,20622,58,357,603
EDI,EWR,213,752,708,8452,1979,2675,200,0,50346,159,537,604
IAH,IST,245,77W,646,7513,1988,2599,396,0,67801,340,487,605
DOH,IST,232,333,415,4316,1990,2400,300,0,38291,259,359,606
FCO,BEG,157,E90,809,9850,1994,2808,100,0,43096,84,856,607
EWR,BOS,167,E90,364,3798,1995,2361,100,0,21451,94,536,608
IAH,JAX,267,ERJ,723,8852,2001,2727,37,0,31520,18,1461,609
FRA,ALA,209,333,323,3071,2005,2315,300,0,30975,214,270,610
SJO,SAP,18,ATR,384,4398,2010,2394,48,0,19652,37,1002,611
BOS,MCO,170,320,649,7659,2011,2667,151,0,41043,73,1238,612
IST,RUH,237,320,760,9178,2013,2753,151,0,47366,92,800,613
AMS,FRA,191,32A,614,7348,2015,2650,151,0,39748,129,617,614
YYZ,MCO,95,737,416,4428,2016,2408,124,0,25534,76,412,615
FCO,RUH,162,320,358,3546,2016,2350,151,0,23920,118,406,616
EDI,BRU,55,319,905,11201,2020,2790,123,0,51473,79,654,617
FRA,GVA,192,E90,560,6523,2025,2584,100,0,31197,57,488,618
STR,FLR,8,DH4,445,5238,2025,2489,68,0,23864,41,1627,619
FRA,MBA,76,757,700,8328,2026,2472,200,0,49760,84,1105,620
YYZ,FRA,146,77W,453,5032,2030,2482,396,0,50482,195,412,621
AMS,EWR,186,76W,586,7109,2030,2613,218,0,45925,186,497,622
AUS,SAN,37,73W,100,789,2032,2447,149,22,12374,73,440,623
KWI,AMS,12,73H,523,5894,2034,2557,162,0,34719,106,366,624
YYZ,ATH,58,330,797,9553,2039,2836,277,0,65957,248,597,625
FCO,MPL,153,E75,693,8336,2042,2732,80,0,35258,80,1047,626
FCO,PEK,176,330,275,2632,2043,2329,277,0,27117,232,279,627
STR,BHX,174,E75,116,1116,2044,2146,80,0,11096,66,352,628
BHX,FCO,270,321,589,7027,2048,2652,197,0,43293,145,415,629
DFW,JAX,134,M80,651,7710,2049,2702,150,0,41141,93,487,630
CDG,FRA,15,318,954,11946,2054,3008,112,0,52545,64,664,631
EDI,FRA,214,321,87,578,2057,2157,197,0,13034,166,262,632
IST,YYZ,149,763,620,7479,2060,2678,218,226,47751,193,539,633
IAD,IAH,96,320,754,9111,2061,2815,151,0,47087,99,501,634
SLC,DFW,6,M83,703,8486,2062,2765,155,0,44977,120,571,635
PEK,ALA,198,738,801,9980,2063,2893,189,0,56028,126,522,636
STR,EWR,217,752,467,5538,2063,2555,200,0,36573,101,895,637
MCO,AUS,101,E90,772,9188,2064,2828,100,0,40729,78,778,638
IAH,IAD,263,320,759,9111,2064,2827,151,0,47087,47,564,639
IAH,YYZ,148,CRA,602,7409,2066,2675,70,0,31051,66,947,640
EWR,SJO,91,738,733,9153,2068,2820,189,5,52223,153,576,641
IAD,CHS,253,CRJ,490,5428,2068,2536,50,0,22895,31,847,642
PWM,IAD,266,CRJ,355,3993,2072,2440,50,0,18588,34,707,643
IAH,DOH,139,777,406,4429,2073,2459,314,30,40022,262,314,644
BHX,FRA,211,319,289,2847,2074,2348,123,0,19385,116,440,645
XNA,MSP,35,CRJ,622,7687,2077,2699,50,0,29675,67,1486,646
EDI,IST,242,738,157,1338,2078,2195,189,0,16274,156,224,647
FRA,EWR,216,744,196,2042,2083,2290,416,0,30586,335,203,648
PWM,EWR,258,DH4,752,9194,2085,2830,68,0,36557,41,924,649
FRA,RUH,223,333,580,6878,2089,2692,300,0,53346,259,520,650
IST,AMS,206,737,515,5998,2099,2607,124,23,31582,41,950,651
DOH,IST,111,333,409,4316,2100,2509,300,0,38291,233,271,652
IAD,PEK,179,777,731,8640,2101,2825,314,0,65446,259,529,653
AUS,IAH,250,320,563,6878,2103,2705,151,0,37791,149,674,654
JAX,FLL,66,73W,518,6251,2107,2625,149,0,34987,96,374,655
DOH,FCO,231,333,637,7528,2112,2749,300,0,57166,212,304,656
FRA,MCO,221,744,521,6170,2114,2661,416,0,60351,167,338,657
RYG,RZE,45,738,628,7312,2114,2720,189,0,43755,131,424,658
AUS,MCO,165,E90,768,9188,2119,2866,100,0,40729,69,762,659
MCO,EWR,171,320,460,5353,2123,2609,151,0,31443,130,539,660
AUS,IAD,249,CR7,650,8068,2127,2789,70,0,33181,39,2176,661
VRN,FCO,163,32S,311,3384,2128,2463,150,0,23181,125,432,662
DFW,FRA,131,777,679,8068,2128,2810,314,0,61993,254,455,663
AMS,FCO,156,321,159,1384,2131,2257,197,0,16816,100,314,664
AGP,EDI,106,738,594,7099,2134,2853,189,0,42775,139,440,665
YYZ,FCO,145,333,440,4763,2134,2580,300,0,40918,255,413,666
FRA,BEG,141,319,903,10994,2135,3022,123,0,50678,93,833,667
FCO,GVA,160,32S,343,3386,2139,2468,150,0,23190,146,461,668
PEK,ALA,107,738,815,9980,2146,2937,189,0,56028,153,652,669
FRA,CMN,73,73G,633,7486,2147,2780,149,0,40100,90,445,670
EWR,ATL,72,717,404,4614,2148,2552,106,26,24840,79,522,671
JAX,BWI,34,73W,771,9536,2148,2917,149,0,48587,91,1686,672
FCO,EWR,215,764,758,9520,2150,2918,245,158,61459,172,460,673
MAA,KWI,50,310,873,11116,2153,3026,206,0,63856,173,737,674
LDY,BHX,42,738,683,7999,2157,2842,189,0,46915,123,397,675
FRA,MPL,222,735,624,7245,2161,2769,108,0,34648,88,671,676
FRA,IAH,219,388,806,10127,2165,3003,555,0,108588,226,852,677
GVA,SPU,60,319,636,7575,2167,2748,123,0,37545,101,697,678
JAX,IAD,264,ERJ,481,5448,2168,2658,37,0,21812,41,1230,679
VRN,FRA,190,E95,850,10334,2171,3021,106,0,45692,45,1723,680
IST,ALA,202,738,420,4779,2171,2600,189,0,32103,133,315,681
CVG,EWR,33,CRJ,770,9378,2172,2942,50,0,34751,39,1357,682
IST,BEG,115,738,986,12561,2173,3159,189,0,67900,157,786,683
PEK,HKT,28,738,127,1374,2178,2305,189,0,16440,161,241,684
LBA,MPL,44,738,584,7072,2180,2765,189,339,42651,137,486,685
DOH,GVA,182,320,508,5669,2181,2677,151,0,32758,121,452,686
RUH,MAA,238,333,482,5332,2182,2649,300,0,44261,233,317,687
AMS,PEK,183,332,659,7855,2182,2823,246,0,52844,112,1033,688
RZE,DUB,43,738,611,7170,2187,2777,189,0,43102,126,386,689
XNA,DFW,136,M80,512,5643,2187,2693,150,0,32560,56,898,690
SAN,EWR,89,739,857,10853,2190,3054,178,0,58392,103,800,691
PWM,IAD,121,CRJ,386,3993,2192,2578,50,0,18588,67,944,692
XNA,IAH,269,CRJ,452,5349,2192,2653,50,0,22658,20,1842,693
EWR,CHS,252,ERJ,466,5139,2198,2672,37,0,20930,11,1069,694
IAD,MCO,120,ERJ,701,8534,2198,2899,37,244,30613,10,1236,695
IAH,MCO,230,320,355,3670,2201,2554,151,0,24436,118,347,696
RUH,GVA,235,320,423,4498,2204,2610,151,0,27883,111,364,697
BHX,STR,174,E75,124,1116,2206,2311,80,0,11096,79,399,698
AGP,BHX,196,738,734,8932,2209,2946,189,0,51207,147,570,699
EDI,BHX,173,DH4,398,4385,2211,2591,68,0,21127,66,707,700
IAH,AMS,188,74M,360,3831,2216,2565,319,20,36758,243,282,701
GVA,BEG,194,S20,473,5186,2222,2690,58,0,22848,38,1857,702
FRA,MXP,80,320,660,7982,2222,2902,151,0,42387,103,469,703
AGP,IST,114,738,535,6364,2224,2772,189,0,39394,80,956,704
PEK,GVA,178,330,536,6481,2235,2780,277,0,48717,197,348,705
CHS,CLE,39,ERJ,306,3269,2238,2544,37,0,15597,34,1075,706
BEY,FRA,51,32A,658,8004,2243,2901,151,27,42479,129,604,707
YYZ,YQB,98,DH4,661,7972,2248,2909,68,0,32636,46,2291,708
AMS,STR,207,F70,551,6593,2249,2807,75,0,28920,35,826,709
BOS,YYZ,142,E90,504,5787,2249,2754,100,0,28565,51,446,710
IAD,DFW,132,738,527,5947,2250,2772,189,0,37476,144,396,711
AMS,YYZ,189,M11,499,5891,2251,2765,285,0,46151,243,403,712
DOH,BGW,53,320,326,3587,2252,2599,151,0,24091,109,371,713
FCO,FRA,159,319,576,6837,2255,2833,123,15,34711,99,617,714
CHS,IAH,119,CRJ,892,10910,2259,2740,50,0,39349,65,1845,715
DFW,YYZ,137,319,583,6773,2262,2847,123,0,34465,97,562,716
GVA,EDI,247,319,462,5380,2266,2735,123,7,29114,126,597,717
IST,FCO,161,321,319,3398,2268,2576,197,0,26265,131,314,718
AMS,BEG,193,319,321,3426,2272,2604,123,0,21609,80,364,719
FCO,RZE,201,DH4,785,9867,2276,3072,68,0,38716,44,966,720
FRA,EDI,214,321,87,578,2284,2372,197,29,13034,161,204,721
IAD,AUA,61,753,441,5024,2285,2726,243,27,37716,210,437,722
CHS,IAH,254,ERJ,862,10910,2285,3143,37,0,37389,8,1479,723
IST,ALA,108,738,409,4779,2285,2694,189,0,32103,168,433,724
YYZ,IAD,147,ERJ,472,5475,2297,2792,37,0,21889,35,1194,725
MAD,DFW,5,M83,171,1931,2307,2478,155,0,17387,83,566,726
BEG,MUC,21,E95,645,7915,2310,2955,106,0,36874,71,619,727
FCO,BOS,158,330,441,5015,2314,2769,277,0,40490,243,449,728
AGP,GVA,226,320,793,9885,2316,3121,151,0,50309,103,580,729
FRA,HKG,71,77W,512,5663,2317,2874,396,0,54887,318,393,730
IAH,SAP,122,ERJ,739,8802,2324,3071,37,0,31377,35,1702,731
FCO,AMS,156,321,159,1384,2328,2480,197,328,16816,178,310,732
DUB,FRA,79,320,480,5717,2330,2809,151,0,32958,124,532,733
IST,EDI,242,738,157,1338,2336,2473,189,0,16274,157,221,734
AMS,BHX,172,E75,833,10166,2338,3174,80,0,41382,46,1114,735
IST,RUH,103,77W,741,9178,2346,3372,396,0,79424,213,570,736
ALA,FRA,209,333,292,3071,2346,2631,300,0,30975,230,284,737
IST,STR,246,320,567,6439,2349,2916,151,0,35964,111,469,738
AMS,ALA,203,330,268,2649,2352,2618,277,0,27212,201,227,739
EWR,IAD,255,DH4,913,11274,2352,3265,68,0,43231,53,1202,740
FCO,IAD,100,32S,342,3772,2352,2690,150,0,24792,104,349,741
EWR,YQB,261,ERJ,825,9962,2358,3179,37,0,34686,30,1732,742
AGP,EMA,27,738,650,7886,2361,2823,189,0,46395,85,1115,743
AMS,DFW,185,332,579,6753,2374,2961,246,0,47052,175,404,744
AGP,AMS,199,73H,343,3770,2375,2737,162,0,25608,105,354,745
EWR,FLL,69,320,967,12038,2378,3345,151,26,59272,132,897,746
BHX,EWR,210,752,365,3689,2379,2726,200,0,27834,154,351,747
EWR,FRA,216,744,176,2042,2381,2577,416,24,30586,333,270,748
AGP,FCO,155,319,867,10601,2386,3257,123,0,49168,43,1449,749
STR,BHX,174,E75,124,1116,2387,2491,80,0,11096,44,384,750
DOH,MAA,233,333,371,3820,2395,2746,300,0,35376,249,376,751
EWR,CLE,87,738,813,10228,2397,3210,189,0,57168,143,550,752
FCO,IAD,262,763,365,3772,2398,2760,218,0,29462,175,351,753
EWR,MDW,78,73W,684,8013,2401,3085,149,0,42281,110,520,754
PEK,FCO,176,330,275,2632,2403,2687,277,0,27117,223,274,755
MBA,IST,57,739,389,4084,2403,2773,178,0,28111,166,423,756
FRA,IST,220,321,506,5830,2405,2906,197,0,37676,186,516,757
SKP,FCO,22,E75,1064,13629,2408,3472,80,0,52971,17,2144,758
EDI,FRA,214,321,80,578,2413,2484,197,0,13034,185,247,759
BOS,DFW,128,738,592,6876,2416,3016,189,0,41749,143,492,760
MSP,YYZ,10,CRA,718,8606,2419,3131,70,28,34919,58,1014,761
AUS,IAD,117,CR7,689,8068,2419,3106,70,0,33181,81,1151,762
YTZ,EWR,84,73G,547,6663,2427,2974,149,0,36692,96,409,763
PEK,DOH,112,333,1010,12736,2427,2768,300,0,87771,230,549,764
BOS,IAD,168,E90,345,3566,2430,2770,100,0,20622,67,1084,765
CMN,IST,17,738,829,10282,2437,3287,189,0,57417,106,813,766
YQB,YTZ,52,DH4,972,12469,2441,3415,68,0,47065,28,1027,767
MCO,YYZ,140,737,414,4428,2446,2847,124,0,25534,68,1062,768
ACC,FCO,20,330,517,6232,2447,2988,277,0,47320,87,599,769
RUH,FCO,162,320,358,3546,2449,2799,151,0,23920,76,443,770
BZE,EWR,86,738,959,11870,2451,3404,189,0,64722,137,626,771
AMS,YYZ,104,74M,513,5891,2452,2816,319,0,49314,275,453,772
FUE,VRN,47,320,583,6665,2453,3023,151,8,36904,97,390,773
IAD,AMS,187,333,573,6641,2456,3011,300,0,51954,119,786,774
BZE,SAP,3,CNC,614,7308,2457,3058,19,0,25148,16,2499,775
BOS,EWR,167,E90,341,3798,2466,2807,100,19,21451,78,506,776
XNA,IAH,123,CRJ,483,5349,2472,2955,50,0,22658,21,702,777
IST,DOH,232,333,415,4316,2474,2875,300,0,38291,127,297,778
EWR,DTW,77,717,593,6971,2475,3068,106,249,33432,62,541,779
FRA,BHX,211,319,289,2847,2475,2767,123,0,19385,97,418,780
IAH,MCO,97,320,363,3670,2483,2846,151,0,24436,122,428,781
MAA,FRA,154,343,572,6941,2486,3074,295,0,53191,222,377,782
EWR,PTY,74,739,855,10433,2491,3346,178,0,56513,135,647,783
GVA,IAD,228,763,892,11288,2494,3394,218,0,66543,54,910,784
BHX,IST,102,DH4,589,7005,2498,2916,68,0,29534,65,950,785
GVA,FCO,160,32S,343,3386,2501,2835,150,0,23190,122,375,786
AUS,DFW,127,M80,557,6651,2502,3069,150,0,36744,143,685,787
DFW,BOS,94,738,578,6876,2514,3092,189,0,41749,153,465,788
FRA,YYZ,146,77W,462,5032,2516,2972,396,0,50482,319,364,789
SAN,AUS,37,73W,100,789,2517,2617,149,0,12374,95,180,790
MAN,RZE,32,330,564,6667,2520,3122,277,0,49761,206,405,791
IAD,PWM,266,CRJ,361,3993,2520,2900,50,0,18588,37,868,792
BOS,RSW,24,320,397,4603,2526,2923,151,0,28320,126,480,793
AMS,BOS,184,333,874,10788,2527,3404,300,0,76323,237,577,794
AMS,STR,109,737,578,6593,2528,3318,124,0,33875,87,564,795
FRA,EDI,214,321,80,578,2532,2619,197,0,13034,148,203,796
ATL,PWM,13,320,375,3942,2533,2908,151,0,25569,58,362,797
STR,AGP,124,320,595,6875,2536,3102,151,0,37779,117,552,798
ALA,PWQ,49,321,910,11156,2536,3081,197,0,62666,165,717,799
AMS,FCO,156,321,124,1384,2550,2678,197,21,16816,165,236,800
DOH,IAH,139,777,416,4429,2553,2968,314,0,40022,264,322,801
RZE,FRA,224,CR7,643,7782,2555,3197,70,0,32256,70,1074,802
IAH,DFW,133,M83,626,7699,2557,3198,155,0,41664,111,472,803
IST,BHX,241,739,598,7005,2560,3153,178,0,41178,163,559,804
AUS,BOS,164,E90,1060,13336,2561,3607,100,25,55564,80,1072,805
RUH,IAD,236,777,667,7971,2568,3215,314,0,61407,87,637,806
FCO,VRN,163,32S,328,3384,2569,2878,150,0,23181,39,594,807
ORD,YQB,11,ERJ,639,7911,2570,3245,37,0,28836,48,1751,808
MBA,FRA,76,757,700,8328,2570,3270,200,0,49760,186,678,809
EDI,IST,242,738,151,1338,2572,2721,189,0,16274,162,243,810
EDI,AMS,204,737,653,8061,2574,3253,124,0,39530,84,529,811
EWR,MAN,82,752,808,9744,2579,3373,200,0,56453,185,767,812
EDI,AGP,197,738,597,7099,2580,3171,189,0,42775,158,533,813
HGH,DOH,54,332,819,10198,2581,3400,246,0,65157,219,709,814
KRK,STR,2,CRJ,585,6985,2584,3183,50,0,27568,52,1198,815
IST,AGP,239,738,535,6364,2588,3144,189,0,39394,175,576,816
AGP,RTM,46,73H,839,10348,2592,3441,162,0,53824,82,1525,817
EWR,STR,217,752,477,5538,2599,3064,200,102,36573,133,321,818
VRN,AMS,200,73H,688,8174,2602,3273,162,0,44499,157,760,819
EWR,SAP,259,738,820,10258,2605,3416,189,0,57306,83,1276,820
GVA,FRA,192,E90,560,6523,2614,3182,100,22,31197,56,477,821
PEK,YYZ,150,77W,900,11301,2614,3522,396,0,94243,293,456,822
LXR,RUH,67,320,938,11633,2615,3531,151,3,57586,51,1372,823
RUN,MAA,65,738,880,10851,2616,3496,189,0,60034,150,677,824
BHX,STR,174,E75,116,1116,2620,2736,80,0,11096,5,471,825
FRA,IAD,218,333,1053,13142,2620,3665,300,0,90157,241,671,826
AMS,IAH,188,74M,375,3831,2623,2987,319,0,36758,249,280,827
BOS,IAH,251,739,1019,12660,2626,3643,178,0,66476,164,941,828
ALA,IST,202,738,433,4779,2630,3073,189,0,32103,86,402,829
MCO,IAH,230,320,355,3670,2631,2986,151,0,24436,126,443,830
DOH,FRA,143,333,915,11331,2631,3521,300,0,79514,116,1034,831
GVA,STR,105,S20,949,11758,2634,3584,58,0,43179,47,1461,832
GVA,IST,243,320,928,11503,2636,3542,151,259,57045,127,772,833
CHS,IAD,253,CRJ,459,5428,2646,3128,50,0,22895,8,782,834
GVA,STR,195,S20,939,11758,2647,3583,58,0,43179,40,1327,835
RUH,DOH,229,777,695,8540,2650,3371,314,0,64842,269,512,836
IST,NSI,56,739,775,9430,2651,3426,178,0,52026,65,632,837
AMS,IAD,99,321,563,6641,2653,2776,197,0,41481,83,952,838
EWR,IAH,256,739,895,11119,2658,3547,178,0,59582,105,844,839
CHS,DCA,4,E70,797,9829,2660,3477,70,2,38871,73,1220,840
BEG,AMS,193,319,321,3426,2665,3006,123,0,21609,93,389,841
FCO,IST,161,321,308,3398,2667,3008,197,0,26265,137,302,842
FRA,EWR,216,744,176,2042,2686,2874,416,0,30586,161,235,843
AGP,FRA,208,321,1012,12935,2688,3731,197,0,71013,131,573,844
STR,BEG,125,319,707,8587,2693,3401,123,0,41432,77,568,845
STR,FCO,126,319,676,8401,2695,3375,123,0,40718,82,551,846
IAD,JAX,264,ERJ,472,5448,2698,3179,37,0,21812,9,918,847
STR,FRA,225,319,644,7961,2700,3342,123,0,39028,72,514,848
EWR,JAX,257,ERJ,1098,13701,2701,3777,37,285,45349,42,2516,849
FCO,BHX,270,321,589,7027,2701,3297,197,0,43293,158,501,850
EWR,AMS,186,76W,586,7109,2701,3321,218,0,45925,162,436,851
GVA,RUH,235,320,394,4498,2702,3103,151,5,27883,65,469,852
FCO,YYZ,145,333,416,4763,2702,3149,300,0,40918,219,316,853
CHS,EWR,252,ERJ,443,5139,2703,3166,37,0,20930,33,1298,854
IST,IAD,244,330,650,8011,2704,3366,277,0,57304,249,601,855
BOS,FRA,212,744,969,11953,2704,3641,416,0,102050,317,494,856
BHX,EDI,173,DH4,411,4385,2706,3095,68,0,21127,51,624,857
BEG,IST,240,738,1003,12561,2707,3711,189,0,67900,146,733,858
BOS,JAX,169,E90,1008,12484,2707,3718,100,0,52517,15,1483,859
BHX,IBZ,41,738,678,8404,2708,3457,189,0,48778,123,401,860
IAH,XNA,269,CRJ,463,5349,2709,3165,50,7,22658,28,786,861
FLR,STR,8,DH4,464,5238,2710,3155,68,0,23864,48,1774,862
YYZ,YQB,151,DH4,676,7972,2713,3383,68,0,32636,28,682,863
DFW,CHS,129,ER4,690,8519,2714,3434,50,0,32173,34,1422,864
FRA,ALA,209,333,292,3071,2714,3010,300,0,30975,252,267,865
SAP,IAH,268,738,708,8802,2716,3443,189,0,50609,143,496,866
ALA,AMS,203,330,291,2649,2717,3005,277,0,27212,235,283,867
MAA,RUH,238,333,450,5332,2717,3171,300,0,44261,232,331,868
FCO,PEK,176,330,263,2632,2718,2996,277,0,27117,198,240,869
AUS,EWR,248,738,751,9275,2718,3476,189,0,52785,133,531,870
IST,PEK,181,77W,1056,13209,2720,3757,396,0,107562,291,465,871
EWR,XNA,260,ERJ,1076,13393,2722,3799,37,0,44471,37,2331,872
MCO,IAD,265,320,700,8534,2724,3437,151,0,44685,129,648,873
YYZ,EWR,144,E75,731,8839,2726,3433,80,0,36942,44,771,874
AMS,IST,206,737,509,5998,2727,3242,124,0,31582,78,467,875
IST,IAH,245,77W,646,7513,2728,3341,396,0,67801,344,475,876
PEK,IAH,180,773,689,8216,2728,3398,368,0,69354,288,420,877
BFS,BHX,59,319,696,8652,2731,3455,123,0,41682,88,622,878
EWR,MCO,171,320,455,5353,2732,3205,151,0,31443,28,601,879
YYZ,IST,149,763,620,7479,2733,3355,218,14,47751,87,524,880
DFW,XNA,136,M80,508,5643,2737,3249,150,10,32560,122,513,881
BEG,GVA,194,S20,479,5186,2737,3200,58,0,22848,22,1525,882
IAH,AUS,250,320,563,6878,2738,3304,151,0,37791,142,683,883
LCY,FRA,70,320,938,12001,2739,3315,151,0,59118,128,831,884
RUH,FRA,223,333,580,6878,2739,3321,300,0,53346,231,377,885
YYZ,FCO,93,319,418,4763,2741,3159,123,0,26744,109,504,886
DFW,EWR,130,M83,769,9245,2741,3503,155,0,48172,63,1283,887
EWR,EDI,213,752,708,8452,2743,3426,200,0,50346,133,430,888
DOH,PEK,234,77W,1019,12736,2743,3761,396,0,104260,298,512,889
PHL,YQB,7,E90,686,8250,2746,3295,100,0,37374,89,793,890
EDI,FRA,214,321,100,578,2749,2829,197,110,13034,136,221,891
YYZ,IAH,148,CRA,602,7409,2753,3374,70,29,31051,71,994,892
IAD,DOH,138,777,703,8356,2755,3460,314,0,63731,174,1127,893
BVA,RZE,48,DH4,1042,12889,2758,3795,68,0,48413,52,1358,894
IST,DOH,111,333,409,4316,2759,3483,300,20,38291,218,290,895
GVA,DOH,182,320,508,5669,2759,3234,151,0,32758,138,522,896
MCO,BOS,170,320,649,7659,2760,3412,151,0,41043,127,626,897
JAX,IAH,267,ERJ,723,8852,2763,3479,37,29,31520,23,1524,898
EWR,BHX,210,752,365,3689,2766,3099,200,0,27834,70,331,899
AMS,DOH,152,332,735,8936,2766,3510,246,0,58525,140,1272,900
GVA,EWR,227,763,691,8506,2768,3461,218,0,52818,198,614,901
EWR,BWI,38,DH3,802,9835,2770,3054,50,0,36123,52,1519,902
FRA,AMS,191,32A,614,7348,2771,3403,151,0,39748,94,424,903
RZE,RYG,45,738,628,7312,2776,3404,189,0,43755,136,437,904
AMS,GRO,12,73H,470,5460,2776,3246,162,0,32857,73,442,905
YYZ,BOS,142,E90,504,5787,2784,3298,100,0,28565,35,1074,906
MPL,FCO,153,E75,693,8336,2786,3476,80,0,35258,60,833,907
RUH,IST,237,320,760,9178,2792,3552,151,0,47366,25,501,908
MCO,PTY,25,73G,121,1161,2793,2914,149,0,13914,96,199,909
IAH,CHS,119,CRJ,892,10910,2794,3686,50,0,39349,30,1355,910
EWR,ORD,68,E75,752,9205,2796,3556,80,0,38166,87,1159,911
MPL,LBA,44,738,584,7072,2799,3383,189,0,42651,125,433,912
JAX,DFW,134,M80,651,7710,2801,3441,150,0,41141,125,588,913
MCO,FRA,221,744,521,6170,2805,3336,416,0,60351,156,609,914
FCO,DOH,231,333,637,7528,2806,3423,300,0,57166,269,522,915
BOS,FCO,158,330,438,5015,2807,3272,277,0,40490,193,289,916
FCO,AMS,156,321,124,1384,2808,2933,197,0,16816,129,197,917
DFW,MCO,135,738,1073,13778,2810,3906,189,0,73498,170,957,918
IAD,YYZ,147,ERJ,466,5475,2822,3305,37,0,21889,7,1063,919
CDG,MPL,14,318,1029,13225,2822,3863,112,0,57296,97,1102,920
SFO,EWR,90,739,661,7720,2826,3487,178,0,44377,157,568,921
LUG,GVA,19,E90,461,5383,2831,3292,100,0,27120,29,1024,922
IST,EDI,242,738,151,1338,2833,2983,189,0,16274,131,193,923
DTW,AUS,23,717,665,8051,2835,3509,106,0,37370,86,703,924
AMS,AGP,199,73H,343,3770,2844,3197,162,0,25608,145,387,925
EDI,GVA,247,319,471,5380,2846,3308,123,0,29114,89,445,926
BHX,FRA,211,319,284,2847,2851,3126,123,0,19385,73,348,927
IAD,BOS,168,E90,345,3566,2852,3183,100,196,20622,107,536,928
FCO,RUH,162,320,319,3546,2854,3197,151,0,23920,116,391,929
EWR,PEK,175,777,852,10409,2857,3705,314,0,76126,236,434,930
MCO,YYZ,95,737,392,4428,2857,3273,124,0,25534,90,471,931
FRA,PEK,177,773,1043,12953,2860,3899,368,0,100896,289,572,932
AMS,GVA,205,737,814,9935,2861,3669,124,0,46750,80,618,933
AUS,MCO,101,E90,764,9188,2864,3636,100,0,40729,53,658,934
MAA,DOH,233,333,371,3820,2867,3222,300,3,35376,130,554,935
DFW,IAD,132,738,499,5947,2867,3394,189,0,37476,124,367,936
BGW,DOH,53,320,347,3587,2871,3197,151,0,24091,26,294,937
STR,BHX,174,E75,116,1116,2874,2998,80,1,11096,34,311,938
DEN,EWR,62,738,501,5610,2877,3378,189,0,35926,180,564,939
YYZ,AMS,189,M11,499,5891,2879,3406,285,0,46151,228,393,940
MPL,FRA,222,735,624,7245,2880,3505,108,0,34648,109,814,941
BRU,FRA,55,319,770,9599,2881,3786,123,0,45319,116,903,942
EWR,PWM,258,DH4,745,9194,2884,3636,68,0,36557,50,1321,943
FRA,DFW,131,777,679,8068,2885,3555,314,0,61993,270,521,944
STR,AMS,207,F70,551,6593,2889,3439,75,0,28920,54,737,945
IAD,FCO,262,763,365,3772,2889,3258,218,0,29462,160,320,946
PEK,AMS,183,332,659,7855,2893,3543,246,0,52844,210,534,947
BEG,FCO,157,E90,814,9850,2893,3702,100,0,43096,97,991,948
IAD,AUS,249,CR7,650,8068,2894,3552,70,0,33181,78,1131,949
IST,AGP,114,738,535,6364,2896,3431,189,0,39394,176,522,950
FRA,FCO,159,319,576,6837,2898,3476,123,0,34711,89,526,951
PEK,IAD,179,777,731,8640,2901,3632,314,0,65446,254,445,952
DOH,MAA,112,333,362,3820,2902,3264,300,0,35376,264,406,953
FRA,EDI,214,321,100,578,2902,3002,197,2,13034,142,180,954
DUB,RZE,43,738,590,7170,2907,3518,189,0,43102,153,510,955
EDI,AGP,106,738,594,7099,2910,3504,189,0,42775,151,472,956
GVA,PEK,178,330,534,6481,2913,3449,277,17,48717,218,442,957
HKG,FRA,71,77W,512,5663,2922,3434,396,0,54887,335,404,958
SJO,EWR,91,738,733,9153,2929,3662,189,0,52223,148,535,959
EMA,AGP,27,738,650,7886,2932,3582,189,0,46395,142,453,960
EWR,BOS,167,E90,341,3798,2935,3285,100,0,21451,58,520,961
MCO,AUS,165,E90,768,9188,2935,3703,100,0,40729,57,660,962
BOS,CHS,166,E90,869,10685,2939,3801,100,0,46083,81,942,963
IST,FRA,220,321,506,5830,2942,3459,197,11,37676,139,393,964
FCO,GVA,160,32S,332,3386,2943,3275,150,0,23190,142,417,965
FRA,MAN,81,340,932,11549,2953,3451,295,0,80005,102,1019,966
ALA,PEK,198,738,830,9980,2954,3755,189,0,56028,125,529,967
IAH,IAD,96,320,754,9111,2956,3431,151,0,47087,100,572,968
STR,IST,246,320,567,6439,2957,3510,151,0,35964,100,458,969
FRA,DUB,79,320,480,5717,2962,3442,151,0,32958,53,486,970
YYZ,MCO,140,737,414,4428,2965,3373,124,0,25534,39,810,971
IAD,AMS,99,321,563,6641,2966,3529,197,0,41481,144,440,972
SPU,GVA,60,319,636,7575,2967,3603,123,13,37545,121,746,973
AMS,FCO,156,321,126,1384,2968,3127,197,0,16816,88,429,974
IAD,IAH,263,320,763,9111,2974,3733,151,0,47087,144,759,975
MUC,BEG,21,E95,645,7915,2986,3203,106,0,36874,26,1137,976
EWR,FRA,216,744,209,2042,2991,3187,416,0,30586,349,217,977
YYZ,DFW,137,319,583,6773,2994,3572,123,0,34465,127,777,978
MCO,IAD,120,ERJ,701,8534,2995,3470,37,25,30613,24,1501,979
RSW,BOS,24,320,397,4603,2996,3516,151,0,28320,91,299,980
DOH,IST,232,333,410,4316,3000,3411,300,0,38291,235,349,981
PWM,ATL,13,320,375,3942,3001,3541,151,0,25569,133,482,982
EWR,FCO,215,764,768,9520,3008,3766,245,0,61459,117,569,983
BHX,AGP,196,738,734,8932,3013,3747,189,0,51207,171,703,984
VRN,FCO,163,32S,328,3384,3014,3359,150,0,23181,127,368,985
AUA,EWR,61,753,636,7498,3014,3650,243,0,50633,170,417,986
IAH,DOH,139,777,416,4429,3015,3421,314,0,40022,240,313,987
PWM,IAD,266,CRJ,361,3993,3017,3372,50,0,18588,49,790,988
MXP,FRA,80,320,660,7982,3024,3684,151,0,42387,91,447,989
BWI,JAX,34,73W,771,9536,3027,3796,149,0,48587,50,1196,990
MCO,IAH,97,320,363,3670,3028,3649,151,24,24436,149,448,991
EDI,IST,242,738,117,1338,3042,3199,189,0,16274,129,254,992
PEK,FCO,176,330,263,2632,3052,3323,277,0,27117,206,232,993
AMS,ALA,203,330,291,2649,3052,3327,277,0,27212,83,263,994
IAH,FRA,219,388,806,10127,3055,3861,555,0,108588,455,482,995
ALA,PEK,107,738,791,9980,3063,3878,189,0,56028,85,1303,996
AMS,BEG,193,319,322,3426,3065,3411,123,0,21609,64,483,997
DFW,BOS,128,738,592,6876,3067,3651,189,25,41749,137,405,998
DFW,AMS,185,332,579,6753,3072,3635,246,0,47052,136,1000,999
CLE,CHS,39,ERJ,306,3269,3076,3730,37,0,15597,29,869,1000
IAH,AMS,188,74M,375,3831,3079,3439,319,0,36758,266,333,1001
YYZ,FRA,146,77W,462,5032,3083,3536,396,0,50482,311,355,1002
BHX,LDY,42,738,685,7999,3090,3773,189,0,46915,64,534,1003
AMS,IAD,187,333,580,6641,3092,3665,300,0,51954,155,897,1004
IST,FCO,161,321,308,3398,3094,3410,197,0,26265,56,326,1005
EWR,SAN,89,739,864,10853,3095,3952,178,0,58392,129,596,1006
FRA,BEY,51,32A,658,8004,3101,3658,151,0,42479,123,623,1007
IAH,MCO,230,320,363,3670,3105,3440,151,0,24436,108,325,1008
BHX,STR,174,E75,102,1116,3115,3231,80,0,11096,87,398,1009
SAP,IAH,122,ERJ,739,8802,3123,3862,37,0,31377,44,1815,1010
FRA,CDG,15,318,954,11946,3126,3492,112,0,52545,69,715,1011
BEG,FRA,141,319,887,10994,3128,4031,123,20,50678,112,963,1012
RZE,FCO,201,DH4,785,9867,3137,3922,68,11,38716,12,1778,1013
ALA,FRA,209,333,310,3071,3146,3469,300,0,30975,241,323,1014
AGP,STR,124,320,576,6875,3148,3743,151,0,37779,124,528,1015
IST,ALA,202,738,433,4779,3149,3569,189,0,32103,170,451,1016
STR,EWR,217,752,477,5538,3152,3619,200,0,36573,184,483,1017
FRA,VRN,190,E95,850,10334,3155,4005,106,0,45692,38,1647,1018
RUH,GVA,235,320,394,4498,3159,3582,151,0,27883,108,365,1019
BHX,EWR,210,752,366,3689,3168,3525,200,0,27834,165,364,1020
DFW,AUS,127,M80,557,6651,3184,3762,150,0,36744,95,405,1021
AGP,IST,239,738,545,6364,3185,3720,189,0,39394,173,526,1022
EWR,CVG,33,CRJ,770,9378,3187,3671,50,1,34751,53,1526,1023
EDI,BHX,173,DH4,411,4385,3190,3588,68,0,21127,46,620,1024
PWQ,ALA,49,321,910,11156,3204,4114,197,0,62666,178,800,1025
GVA,AGP,226,320,793,9885,3205,3998,151,0,50309,109,615,1026
FCO,AMS,156,321,126,1384,3208,3332,197,0,16816,156,243,1027
SAP,BZE,3,CNC,614,7308,3209,3823,19,0,25148,2,2147,1028
YYZ,FCO,145,333,416,4763,3210,3650,300,0,40918,92,301,1029
FRA,MAA,154,343,581,6941,3214,3786,295,0,53191,83,641,1030
FCO,ACC,20,330,517,6232,3223,3740,277,0,47320,209,349,1031
IAD,FCO,100,32S,342,3772,3223,3565,150,0,24792,126,372,1032
AGP,EDI,197,738,614,7099,3229,3826,189,0,42775,152,500,1033
GVA,BEG,194,S20,479,5186,3230,3703,58,21,22848,49,829,1034
RUH,MAA,238,333,450,5332,3231,3713,300,0,44261,235,395,1035
VRN,FUE,47,320,583,6665,3231,3814,151,0,36904,93,411,1036
DFW,IAH,133,M83,657,7699,3235,3861,155,0,41664,122,612,1037
RZE,MAN,32,330,564,6667,3239,3803,277,0,49761,100,730,1038
EWR,CHS,252,ERJ,443,5139,3242,3708,37,0,20930,52,1303,1039
YYZ,MSP,10,CRA,718,8606,3249,3967,70,0,34919,74,1161,1040
FRA,RZE,224,CR7,659,7782,3250,3893,70,0,32256,63,972,1041
AGP,AMS,199,73H,341,3770,3258,3604,162,0,25608,100,283,1042
XNA,IAH,269,CRJ,463,5349,3263,3715,50,0,22658,56,1079,1043
IAD,CHS,253,CRJ,459,5428,3265,3755,50,0,22895,67,1123,1044
FRA,BHX,211,319,284,2847,3266,3534,123,0,19385,98,350,1045
YQB,EWR,261,ERJ,825,9962,3272,4097,37,0,34686,46,1999,1046
JAX,IAD,264,ERJ,472,5448,3272,3744,37,0,21812,39,1284,1047
DOH,GVA,182,320,496,5669,3272,3780,151,0,32758,123,481,1048
IAH,CHS,254,ERJ,862,10910,3273,4135,37,0,37389,45,2214,1049
BHX,IST,241,739,584,7005,3277,3875,178,0,41178,138,518,1050
YYZ,AMS,104,74M,513,5891,3283,3796,319,0,49314,272,456,1051
STR,KRK,2,CRJ,585,6985,3284,3869,50,0,27568,68,1385,1052
FCO,IAD,262,763,350,3772,3296,3649,218,0,29462,148,232,1053
IST,EDI,242,738,117,1338,3299,3450,189,0,16274,63,242,1054
FRA,EWR,216,744,209,2042,3299,3475,416,17,30586,318,245,1055
BHX,AMS,172,E75,833,10166,3300,4133,80,0,41382,60,1011,1056
IAD,RUH,236,777,644,7971,3302,3969,314,0,61407,244,426,1057
FRA,GVA,192,E90,559,6523,3307,3867,100,0,31197,53,529,1058
XNA,DFW,136,M80,508,5643,3309,3817,150,0,32560,76,573,1059
GVA,FCO,160,32S,332,3386,3310,3653,150,0,23190,138,407,1060
IST,AMS,206,737,509,5998,3311,3820,124,0,31582,121,700,1061
STR,BHX,174,E75,102,1116,3312,3414,80,209,11096,89,388,1062
DOH,BGW,53,320,347,3587,3312,3659,151,4,24091,45,381,1063
BOS,IAD,168,E90,345,3566,3316,3651,100,0,20622,102,587,1064
AMS,VRN,200,73H,676,8174,3325,4013,162,0,44499,117,554,1065
MAA,DOH,112,333,362,3820,3330,4340,300,0,35376,234,270,1066
MCO,EWR,171,320,455,5353,3337,3797,151,0,31443,53,806,1067
YYZ,IAD,147,ERJ,466,5475,3339,3811,37,0,21889,33,1201,1068
RUH,FCO,162,320,319,3546,3344,3702,151,0,23920,113,315,1069
BOS,YYZ,142,E90,505,5787,3348,3852,100,4,28565,90,642,1070
DOH,MAA,233,333,358,3820,3348,3695,300,0,35376,240,268,1071
BOS,EWR,167,E90,366,3798,3349,3713,100,0,21451,102,540,1072
IAD,AUS,117,CR7,689,8068,3350,4039,70,0,33181,29,944,1073
IAD,EWR,255,DH4,913,11274,3351,4264,68,0,43231,48,1174,1074
MDW,EWR,78,73W,684,8013,3354,4103,149,0,42281,129,688,1075
BHX,FCO,270,321,604,7027,3360,3949,197,0,43293,149,488,1076
IST,CMN,17,738,829,10282,3369,4198,189,0,57417,127,470,1077
FRA,STR,225,319,657,7961,3374,4018,123,0,39028,119,740,1078
AMS,EDI,204,737,683,8061,3384,4037,124,0,39530,128,868,1079
AMS,FCO,156,321,152,1384,3387,3513,197,0,16816,135,176,1080
GVA,EDI,247,319,471,5380,3387,3849,123,0,29114,76,450,1081
FCO,VRN,163,32S,335,3384,3391,3702,150,0,23181,97,302,1082
STR,AMS,109,737,578,6593,3396,3974,124,0,33875,113,682,1083
FCO,AGP,155,319,867,10601,3397,4264,123,0,49168,31,645,1084
FRA,IBZ,70,320,570,6617,3398,3968,151,0,36705,102,406,1085
PTY,MCO,25,73G,121,1161,3399,4155,149,0,13914,85,586,1086
IST,BHX,102,DH4,589,7005,3405,3994,68,0,29534,60,870,1087
FRA,RUH,223,333,603,6878,3409,3989,300,0,53346,259,448,1088
FRA,MCO,221,744,547,6170,3413,3934,416,0,60351,187,672,1089
FLL,EWR,69,320,967,12038,3413,3901,151,14,59272,128,851,1090
AUS,IAH,250,320,602,6878,3414,3977,151,0,37791,113,523,1091
FCO,STR,126,319,690,8401,3420,4096,123,0,40718,82,546,1092
FCO,BOS,158,330,438,5015,3420,3861,277,15,40490,197,322,1093
MAN,EWR,82,752,808,9744,3421,4229,200,0,56453,145,495,1094
IAD,DFW,132,738,499,5947,3428,3927,189,0,37476,165,460,1095
IST,YYZ,149,763,618,7479,3431,4051,218,0,47751,161,462,1096
YQB,YYZ,151,DH4,644,7972,3438,4114,68,0,32636,66,1075,1097
RUH,IST,103,77W,741,9178,3439,4180,396,0,79424,330,518,1098
ALA,AMS,203,330,291,2649,3441,3709,277,29,27212,242,268,1099
IST,MBA,57,739,389,4084,3442,3831,178,0,28111,113,303,1100
IAD,PWM,266,CRJ,368,3993,3442,3803,50,0,18588,62,866,1101
YQB,ORD,11,ERJ,639,7911,3444,4083,37,0,28836,43,1683,1102
FCO,PEK,176,330,286,2632,3447,3722,277,0,27117,109,445,1103
PTY,EWR,74,739,855,10433,3450,4299,178,0,56513,97,1577,1104
AMS,EWR,186,76W,583,7109,3458,4044,218,0,45925,166,483,1105
DOH,RUH,229,777,707,8540,3459,4154,314,0,64842,278,552,1106
STR,FLR,8,DH4,464,5238,3461,3925,68,0,23864,79,860,1107
FRA,MAD,71,77W,557,6733,3465,4019,396,0,62356,296,334,1108
BEG,STR,125,319,695,8587,3466,4173,123,0,41432,107,791,1109
BEG,AMS,193,319,322,3426,3469,3790,123,0,21609,69,277,1110
YTZ,YQB,52,DH4,972,12469,3476,4448,68,0,47065,25,951,1111
IAH,SAP,268,738,737,8802,3476,4184,189,0,50609,122,405,1112
EWR,MEX,84,73G,526,6126,3476,4002,149,0,34469,98,434,1113
IAH,PEK,180,773,673,8216,3478,4167,368,148,69354,307,460,1114
IAH,YYZ,148,CRA,609,7409,3481,4083,70,0,31051,78,1078,1115
YQB,PHL,7,E90,686,8250,3482,4168,100,0,37374,81,805,1116
IAH,IST,245,77W,611,7513,3484,4130,396,0,67801,340,510,1117
AMS,YYZ,189,M11,514,5891,3484,3983,285,0,46151,206,361,1118
MCO,IAH,230,320,363,3670,3487,3842,151,0,24436,93,267,1119
MCO,YYZ,140,737,386,4428,3488,3902,124,0,25534,93,431,1120
IAD,IST,244,330,676,8011,3488,4138,277,1,57304,193,364,1121
EDI,EWR,213,752,696,8452,3490,4198,200,0,50346,51,789,1122
AMS,FRA,191,32A,635,7348,3495,4109,151,0,39748,118,535,1123
IAD,MCO,265,320,688,8534,3499,4199,151,0,44685,112,606,1124
DFW,JAX,134,M80,653,7710,3501,4152,150,0,41141,136,681,1125
CHS,DFW,129,ER4,709,8519,3502,4192,50,0,32173,11,903,1126
FRA,IST,220,321,501,5830,3502,4008,197,0,37676,181,565,1127
IST,DOH,232,333,410,4316,3502,3917,300,0,38291,236,304,1128
FCO,IST,161,321,308,3398,3505,3824,197,112,26265,65,548,1129
BOS,AMS,184,333,874,10788,3508,4382,300,0,76323,230,495,1130
EWR,FRA,216,744,207,2042,3512,3721,416,0,30586,322,186,1131
PEK,GVA,178,330,534,6481,3516,4050,277,0,48717,201,377,1132
EWR,YYZ,144,E75,722,8839,3518,4249,80,0,36942,45,794,1133
DOH,FCO,231,333,637,7528,3521,4158,300,0,57166,122,404,1134
EWR,BZE,86,738,959,11870,3523,4482,189,0,64722,126,562,1135
IAD,GVA,228,763,892,11288,3524,4416,218,116,66543,146,511,1136
IAH,JAX,267,ERJ,726,8852,3529,4252,37,0,31520,11,1330,1137
FCO,FRA,159,319,578,6837,3529,4105,123,0,34711,73,490,1138
AMS,STR,207,F70,558,6593,3539,4090,75,0,28920,30,568,1139
EWR,AUS,248,738,751,9275,3541,4292,189,0,52785,123,413,1140
EWR,DEN,62,738,501,5610,3544,4438,189,0,35926,143,438,1141
DOH,AMS,152,332,735,8936,3546,4281,246,0,58525,174,454,1142
DOH,IAH,139,777,386,4429,3546,3962,314,0,40022,268,409,1143
EDI,IST,242,738,137,1338,3553,3670,189,0,16274,122,215,1144
SAP,EWR,259,738,820,10258,3553,4373,189,0,57306,160,658,1145
BOS,MCO,170,320,656,7659,3557,4206,151,0,41043,65,564,1146
EWR,GVA,227,763,713,8506,3558,4249,218,0,52818,178,531,1147
RTM,AGP,46,73H,839,10348,3560,4399,162,0,53824,136,682,1148
IST,STR,246,320,567,6439,3561,4128,151,0,35964,123,527,1149
NSI,IST,56,739,775,9430,3563,4320,178,0,52026,157,738,1150
FRA,ALA,209,333,310,3071,3563,3855,300,0,30975,218,210,1151
EWR,BHX,210,752,366,3689,3565,3930,200,0,27834,151,286,1152
EWR,DFW,130,M83,769,9245,3571,4340,155,0,48172,110,593,1153
ATL,CHS,13,320,529,6206,3573,4102,151,0,34994,124,559,1154
FCO,MPL,153,E75,690,8336,3573,4266,80,0,35258,93,1113,1155
AMS,IAH,188,74M,349,3831,3575,3950,319,0,36758,283,411,1156
DCA,CHS,4,E70,797,9829,3581,4378,70,0,38871,56,1070,1157
BHX,FRA,211,319,274,2847,3587,3876,123,0,19385,112,396,1158
AUS,IAD,249,CR7,662,8068,3588,4238,70,0,33181,73,1042,1159
DFW,FRA,131,777,682,8068,3597,4276,314,0,61993,221,374,1160
DOH,IAD,138,777,691,8356,3598,4301,314,0,63731,122,799,1161
IST,GVA,243,320,928,11503,3599,4527,151,0,57045,103,639,1162
IAD,JAX,120,ERJ,459,5448,3603,4062,37,0,21812,8,2080,1163
DFW,YYZ,137,319,585,6773,3604,4187,123,0,34465,19,791,1164
FCO,AMS,156,321,152,1384,3606,3758,197,0,16816,153,235,1165
AMS,PEK,183,332,641,7855,3607,4266,246,0,52844,170,400,1166
BHX,EDI,173,DH4,380,4385,3627,4038,68,0,21127,28,498,1167
FRA,MPL,222,735,608,7245,3629,4253,108,0,34648,100,720,1168
FRA,DOH,143,333,915,11331,3631,4546,300,0,79514,220,483,1169
IAH,EWR,256,739,895,11119,3634,4529,178,0,59582,169,833,1170
MAN,FRA,81,340,932,11549,3644,4576,295,0,80005,253,683,1171
BOS,AUS,164,E90,1060,13336,3646,4706,100,0,55564,85,1178,1172
GVA,RUH,235,320,406,4498,3649,4043,151,0,27883,53,758,1173
FRA,YYZ,146,77W,452,5032,3657,4119,396,0,50482,302,311,1174
YYZ,PEK,150,77W,900,11301,3658,4558,396,0,94243,319,498,1175
IBZ,BHX,41,738,678,8404,3658,4336,189,19,48778,153,571,1176
RUH,LXR,67,320,938,11633,3665,4603,151,215,57586,142,905,1177
ALA,IST,202,738,429,4779,3667,4100,189,0,32103,102,455,1178
EWR,STR,217,752,492,5538,3674,4151,200,0,36573,159,404,1179
PWM,EWR,258,DH4,745,9194,3689,4434,68,0,36557,78,1296,1180
ORD,EWR,68,E75,752,9205,3698,4450,80,0,38166,93,1166,1181
IAH,BOS,251,739,1019,12660,3701,4720,178,0,66476,64,1381,1182
IAD,FRA,218,333,1053,13142,3704,4757,300,0,90157,257,749,1183
BOS,PLS,24,320,522,6258,3707,4229,151,0,35210,104,455,1184
BHX,BFS,59,319,696,8652,3709,4405,123,0,41682,113,785,1185
STR,GVA,105,S20,949,11758,3711,4660,58,0,43179,69,1750,1186
IAD,FCO,262,763,350,3772,3716,4081,218,0,29462,45,307,1187
AGP,SOU,27,738,462,5085,3720,4187,189,0,33511,175,527,1188
RZE,DUB,43,738,590,7170,3722,4312,189,0,43102,159,534,1189
YYZ,MCO,95,737,392,4428,3724,4116,124,0,25534,103,494,1190
FCO,YYZ,145,333,446,4763,3729,4145,300,0,40918,242,378,1191
STR,GVA,195,S20,939,11758,3730,4669,58,0,43179,63,1660,1192
MCO,AUS,101,E90,764,9188,3732,4496,100,0,40729,58,676,1193
BOS,DFW,128,738,600,6876,3738,4330,189,10,41749,145,427,1194
PEK,EWR,175,777,852,10409,3742,4594,314,0,76126,239,486,1195
EWR,BOS,167,E90,366,3798,3743,4084,100,0,21451,56,376,1196
AMS,AGP,199,73H,341,3770,3753,4096,162,0,25608,157,437,1197
JAX,BOS,169,E90,1008,12484,3754,4762,100,0,52517,76,972,1198
AMS,DFW,185,332,587,6753,3755,4334,246,0,47052,217,540,1199
VRN,FCO,163,32S,335,3384,3764,4092,150,0,23181,144,465,1200
IAD,AMS,187,333,580,6641,3764,4344,300,0,51954,265,456,1201
IST,BEG,240,738,1003,12561,3767,4770,189,0,67900,150,730,1202
IAH,XNA,269,CRJ,461,5349,3769,4232,50,0,22658,68,1130,1203
AMS,ALA,203,330,291,2649,3780,4071,277,0,27212,224,265,1204
FRA,BOS,212,744,969,11953,3781,4750,416,0,102050,135,887,1205
MAA,DOH,233,333,358,3820,3783,4154,300,0,35376,214,247,1206
GVA,AMS,205,737,814,9935,3784,4598,124,0,46750,116,887,1207
IAD,BOS,168,E90,345,3566,3784,4129,100,0,20622,80,436,1208
IST,AGP,239,738,545,6364,3788,4333,189,0,39394,128,390,1209
FCO,BEG,157,E90,814,9850,3790,4604,100,0,43096,77,803,1210
PEK,ALA,198,738,830,9980,3794,4624,189,0,56028,121,434,1211
FCO,RUH,162,320,334,3546,3799,4118,151,0,23920,28,491,1212
FCO,GVA,160,32S,329,3386,3800,4132,150,0,23190,138,466,1213
PEK,IST,181,77W,1056,13209,3801,4857,396,0,107562,340,669,1214
IST,EDI,242,738,137,1338,3804,3941,189,0,16274,159,269,1215
BEG,GVA,194,S20,468,5186,3810,4289,58,0,22848,67,951,1216
FCO,EWR,215,764,768,9520,3812,4580,245,0,61459,208,578,1217
CHS,EWR,252,ERJ,474,5139,3815,4258,37,0,20930,30,1095,1218
MAA,RUH,238,333,467,5332,3824,4274,300,0,44261,214,314,1219
PEK,DOH,234,77W,1019,12736,3835,4854,396,0,104260,303,509,1220
LDY,BHX,42,738,685,7999,3837,4522,189,0,46915,152,580,1221
GRO,AMS,12,73H,470,5460,3838,4361,162,0,32857,103,391,1222
CHS,IAD,253,CRJ,468,5428,3840,4299,50,0,22895,69,1131,1223
JAX,EWR,257,ERJ,1098,13701,3841,4939,37,12,45349,3,1673,1224
AUS,DFW,127,M80,567,6651,3842,4399,150,0,36744,91,420,1225
FRA,EWR,216,744,207,2042,3845,4052,416,0,30586,333,194,1226
FRA,AGP,208,321,1012,12935,3845,4857,197,0,71013,161,771,1227
PWM,IAD,266,CRJ,368,3993,3849,4217,50,0,18588,50,792,1228
EWR,MCO,171,320,486,5353,3853,4308,151,0,31443,80,569,1229
PEK,FCO,176,330,286,2632,3866,4129,277,0,27117,115,315,1230
AMS,BEG,193,319,332,3426,3868,4190,123,0,21609,97,438,1231
FRA,BRU,55,319,770,9599,3872,4642,123,0,45319,43,1349,1232
STR,AGP,124,320,576,6875,3876,4452,151,0,37779,101,431,1233
XNA,EWR,260,ERJ,1076,13393,3878,4954,37,0,44471,40,2473,1234
IAH,IAD,263,320,763,9111,3879,4642,151,0,47087,145,805,1235
GVA,DOH,182,320,496,5669,3883,4379,151,0,32758,70,489,1236
EDI,GVA,247,319,469,5380,3892,4363,123,8,29114,105,562,1237
CHS,BOS,166,E90,869,10685,3893,4762,100,0,46083,99,1101,1238
BOS,FCO,158,330,455,5015,3893,4331,277,0,40490,250,440,1239
GVA,FRA,192,E90,559,6523,3909,4468,100,0,31197,109,863,1240
EDI,AGP,197,738,614,7099,3910,4524,189,0,42775,165,523,1241
MAA,FRA,154,343,581,6941,3915,4496,295,0,53191,262,508,1242
IST,FCO,161,321,308,3398,3932,4240,197,0,26265,174,364,1243
ALA,FRA,209,333,285,3071,3935,4245,300,0,30975,236,262,1244
RZE,BVA,48,DH4,1042,12889,3937,4979,68,0,48413,50,1280,1245
IAH,MCO,230,320,353,3670,3941,4304,151,0,24436,85,870,1246
IAD,YYZ,147,ERJ,495,5475,3945,4411,37,0,21889,52,1350,1247
MCO,DFW,135,738,1073,13778,3953,5026,189,0,73498,162,871,1248
PEK,FRA,177,773,1043,12953,3955,4998,368,0,100896,192,737,1249
MPL,CDG,14,318,1029,13225,3965,4994,112,0,57296,90,1025,1250
PEK,ALA,107,738,791,9980,3976,4767,189,0,56028,177,786,1251
YYZ,MCO,140,737,386,4428,3990,4376,124,0,25534,106,526,1252
YYZ,BOS,142,E90,505,5787,3993,4498,100,0,28565,106,742,1253
BHX,EWR,210,752,347,3689,3995,4361,200,0,27834,131,314,1254
IAH,AMS,188,74M,349,3831,4001,4350,319,0,36758,274,343,1255
IST,BHX,241,739,584,7005,4002,4586,178,0,41178,128,451,1256
IAH,DFW,133,M83,657,7699,4002,4659,155,0,41664,150,699,1257
FCO,BHX,270,321,604,7027,4004,4608,197,0,43293,145,464,1258
RZE,FRA,224,CR7,659,7782,4021,4680,70,0,32256,76,1122,1259
FRA,BHX,211,319,274,2847,4023,4307,123,0,19385,77,344,1260
MCO,FRA,221,744,547,6170,4035,4582,416,0,60351,312,346,1261
EWR,AUA,61,753,636,7498,4038,4479,243,0,50633,206,557,1262
DOH,IST,232,333,401,4316,4039,4449,300,0,38291,246,324,1263
SAN,EWR,89,739,864,10853,4050,4914,178,0,58392,89,780,1264
EDI,BHX,173,DH4,380,4385,4072,4452,68,4,21127,64,664,1265
YYZ,AMS,189,M11,514,5891,4083,4597,285,0,46151,202,287,1266
VRN,FRA,190,E95,850,10334,4083,4933,106,0,45692,85,873,1267
IBZ,FRA,70,320,570,6617,4084,5022,151,0,36705,112,506,1268
STR,FRA,225,319,657,7961,4084,4741,123,0,39028,118,803,1269
FRA,BEG,141,319,887,10994,4093,4980,123,0,50678,75,656,1270
MAD,FRA,71,77W,557,6733,4101,4658,396,0,62356,196,817,1271
IAH,DOH,139,777,386,4429,4102,4488,314,0,40022,258,308,1272
IAH,AUS,250,320,602,6878,4105,4707,151,0,37791,102,484,1273
RUH,IAD,236,777,644,7971,4113,4757,314,0,61407,245,414,1274
IST,FRA,220,321,501,5830,4116,4617,197,0,37676,136,399,1275
RUH,FRA,223,333,603,6878,4124,4727,300,0,53346,220,377,1276
EWR,AMS,186,76W,583,7109,4124,4707,218,0,45925,200,551,1277
FCO,VRN,163,32S,309,3384,4127,4462,150,0,23181,104,342,1278
VRN,AMS,200,73H,676,8174,4127,4803,162,0,44499,72,1223,1279
STR,AMS,207,F70,558,6593,4129,4687,75,0,28920,51,747,1280
RUH,GVA,235,320,406,4498,4132,4538,151,0,27883,127,463,1281
JAX,IAD,120,ERJ,459,5448,4137,4838,37,0,21812,37,1237,1282
STR,FCO,126,319,690,8401,4139,4829,123,0,40718,119,844,1283
EDI,AMS,204,737,683,8061,4142,4825,124,0,39530,93,629,1284
IST,ALA,202,738,429,4779,4149,4578,189,0,32103,56,588,1285
BOS,EWR,167,E90,341,3798,4153,4519,100,0,21451,53,411,1286
YYZ,YQB,151,DH4,644,7972,4157,4801,68,0,32636,59,979,1287
FCO,IAD,262,763,362,3772,4158,4508,218,0,29462,188,345,1288
RUH,FCO,162,320,334,3546,4166,4500,151,11,23920,65,360,1289
YYZ,IST,149,763,618,7479,4166,4784,218,0,47751,203,570,1290
AGP,AMS,199,73H,362,3770,4171,4512,162,0,25608,145,400,1291
STR,IST,246,320,567,6439,4174,4741,151,0,35964,140,591,1292
MEX,EWR,84,73G,526,6126,4182,4729,149,0,34469,127,524,1293
IST,IAD,244,330,676,8011,4189,4865,277,0,57304,214,427,1294
YYZ,FRA,146,77W,452,5032,4190,4642,396,0,50482,316,364,1295
FRA,AMS,191,32A,635,7348,4199,4834,151,0,39748,150,736,1296
JAX,DFW,134,M80,653,7710,4200,4853,150,0,41141,94,494,1297
ALA,AMS,203,330,266,2649,4200,4491,277,0,27212,222,232,1298
YYZ,IAH,148,CRA,609,7409,4202,4811,70,0,31051,2,628,1299
BOS,IAD,168,E90,340,3566,4209,4554,100,0,20622,90,476,1300
PEK,IAH,180,773,673,8216,4225,4898,368,0,69354,323,539,1301
IST,IAH,245,77W,611,7513,4227,4838,396,0,67801,336,427,1302
FRA,FCO,159,319,578,6837,4229,4807,123,0,34711,76,487,1303
EWR,EDI,213,752,696,8452,4230,4926,200,0,50346,154,523,1304
CHS,ATL,13,320,529,6206,4232,4607,151,0,34994,120,478,1305
YYZ,DFW,137,319,585,6773,4232,4817,123,0,34465,123,726,1306
YYZ,FCO,145,333,446,4763,4235,4681,300,0,40918,244,323,1307
SAP,IAH,268,738,737,8802,4241,4978,189,0,50609,146,531,1308
DOH,MAA,233,333,351,3820,4242,4600,300,0,35376,231,272,1309
STR,BEG,125,319,695,8587,4247,4942,123,0,41432,81,546,1310
MCO,BOS,170,320,656,7659,4250,4906,151,0,41043,146,724,1311
BEG,AMS,193,319,332,3426,4264,4596,123,0,21609,83,356,1312
XNA,IAH,269,CRJ,461,5349,4264,4725,50,0,22658,11,652,1313
FCO,DOH,231,333,637,7528,4264,4901,300,0,57166,259,519,1314
FCO,PEK,176,330,284,2632,4273,4559,277,7,27117,229,291,1315
GVA,FCO,160,32S,329,3386,4274,4603,150,0,23190,143,482,1316
RUH,DOH,229,777,707,8540,4281,4988,314,0,64842,239,427,1317
STR,EWR,217,752,492,5538,4285,4777,200,0,36573,169,486,1318
GVA,EWR,227,763,713,8506,4290,5003,218,0,52818,171,519,1319
IAD,AUS,249,CR7,662,8068,4296,4958,70,0,33181,73,1111,1320
SOU,AGP,27,738,462,5085,4298,4760,189,0,33511,97,508,1321
JAX,IAH,267,ERJ,726,8852,4301,5027,37,0,31520,4,1369,1322
YYZ,EWR,144,E75,722,8839,4303,5025,80,0,36942,55,859,1323
MPL,FCO,153,E75,690,8336,4305,4995,80,0,35258,61,822,1324
FRA,ALA,209,333,285,3071,4327,4612,300,0,30975,223,271,1325
DFW,CHS,129,ER4,709,8519,4330,5039,50,0,32173,42,1271,1326
MCO,IAD,265,320,688,8534,4330,5018,151,0,44685,60,1222,1327
IAD,DOH,138,777,691,8356,4335,5026,314,0,63731,161,569,1328
FCO,IST,161,321,341,3398,4344,4652,197,0,26265,157,345,1329
FRA,DFW,131,777,682,8068,4345,5027,314,0,61993,275,513,1330
PEK,AMS,183,332,641,7855,4358,4999,246,0,52844,224,585,1331
BHX,FRA,211,319,292,2847,4358,4632,123,0,19385,76,297,1332
MCO,IAH,230,320,353,3670,4370,4723,151,17,24436,126,444,1333
EWR,CHS,252,ERJ,474,5139,4371,4845,37,0,20930,55,1362,1334
MCO,EWR,171,320,486,5353,4373,4859,151,0,31443,135,565,1335
MPL,FRA,222,735,608,7245,4376,4984,108,0,34648,107,833,1336
DFW,AMS,185,332,587,6753,4397,4984,246,18,47052,204,426,1337
RUH,MAA,238,333,467,5332,4403,4870,300,0,44261,231,380,1338
DFW,BOS,128,738,600,6876,4417,5017,189,8,41749,147,455,1339
IAD,CHS,253,CRJ,468,5428,4420,4888,50,26,22895,59,1047,1340
GVA,BEG,194,S20,468,5186,4433,4901,58,0,22848,45,784,1341
YYZ,IAD,147,ERJ,495,5475,4452,4947,37,0,21889,39,1285,1342
DFW,AUS,127,M80,567,6651,4453,5020,150,0,36744,124,542,1343
GVA,EDI,247,319,469,5380,4456,4925,123,0,29114,92,517,1344
PLS,BOS,24,320,522,6258,4460,4857,151,0,35210,101,453,1345
FCO,BOS,158,330,455,5015,4475,4930,277,0,40490,221,396,1346
EWR,BHX,210,752,347,3689,4503,4850,200,0,27834,179,420,1347
VRN,FCO,163,32S,309,3384,4541,4850,150,0,23181,37,562,1348
AMS,ALA,203,330,266,2649,4561,4827,277,0,27212,225,321,1349
IST,DOH,232,333,401,4316,4593,4994,300,0,38291,114,337,1350
IAD,FCO,262,763,362,3772,4597,4959,218,0,29462,150,319,1351
EWR,BOS,167,E90,341,3798,4612,4953,100,0,21451,106,616,1352
IAD,BOS,168,E90,340,3566,4622,4962,100,0,20622,51,329,1353
PEK,FCO,176,330,284,2632,4624,4908,277,0,27117,120,494,1354
AMS,AGP,199,73H,362,3770,4648,5010,162,0,25608,122,387,1355
MAA,DOH,233,333,351,3820,4677,5028,300,0,35376,212,215,1356
IST,FCO,161,321,341,3398,4689,5030,197,0,26265,170,330,1357
FRA,BHX,211,319,292,2847,4730,5022,123,0,19385,107,404,1358
